CREATE DATABASE  IF NOT EXISTS `CS6400Team21` /*!40100 DEFAULT CHARACTER SET utf8mb4 COLLATE utf8mb4_general_ci */ /*!80016 DEFAULT ENCRYPTION='N' */;
USE `CS6400Team21`;
-- MySQL dump 10.13  Distrib 5.7.17, for macos10.12 (x86_64)
--
-- Host: localhost    Database: CS6400Team21
-- ------------------------------------------------------
-- Server version	8.0.16

/*!40101 SET @OLD_CHARACTER_SET_CLIENT=@@CHARACTER_SET_CLIENT */;
/*!40101 SET @OLD_CHARACTER_SET_RESULTS=@@CHARACTER_SET_RESULTS */;
/*!40101 SET @OLD_COLLATION_CONNECTION=@@COLLATION_CONNECTION */;
/*!40101 SET NAMES utf8 */;
/*!40103 SET @OLD_TIME_ZONE=@@TIME_ZONE */;
/*!40103 SET TIME_ZONE='+00:00' */;
/*!40014 SET @OLD_UNIQUE_CHECKS=@@UNIQUE_CHECKS, UNIQUE_CHECKS=0 */;
/*!40014 SET @OLD_FOREIGN_KEY_CHECKS=@@FOREIGN_KEY_CHECKS, FOREIGN_KEY_CHECKS=0 */;
/*!40101 SET @OLD_SQL_MODE=@@SQL_MODE, SQL_MODE='NO_AUTO_VALUE_ON_ZERO' */;
/*!40111 SET @OLD_SQL_NOTES=@@SQL_NOTES, SQL_NOTES=0 */;

--
-- Table structure for table `Business`
--

DROP TABLE IF EXISTS `Business`;
/*!40101 SET @saved_cs_client     = @@character_set_client */;
/*!40101 SET character_set_client = utf8 */;
CREATE TABLE `Business` (
  `tax_id` varchar(20) COLLATE utf8mb4_general_ci NOT NULL,
  `business_name` varchar(100) COLLATE utf8mb4_general_ci NOT NULL,
  `title` varchar(25) COLLATE utf8mb4_general_ci NOT NULL,
  `first_name` varchar(20) COLLATE utf8mb4_general_ci NOT NULL,
  `last_name` varchar(20) COLLATE utf8mb4_general_ci NOT NULL,
  `customer_id` int(11) NOT NULL,
  PRIMARY KEY (`tax_id`),
  KEY `fk_business_customer` (`customer_id`),
  CONSTRAINT `fk_business_customer` FOREIGN KEY (`customer_id`) REFERENCES `customer` (`customer_id`)
) ENGINE=InnoDB DEFAULT CHARSET=utf8mb4 COLLATE=utf8mb4_general_ci;
/*!40101 SET character_set_client = @saved_cs_client */;

--
-- Dumping data for table `Business`
--

LOCK TABLES `Business` WRITE;
/*!40000 ALTER TABLE `Business` DISABLE KEYS */;
INSERT INTO `Business` VALUES ('00-6186900','Labdrill','Manager L3','Olive','Kiel',66),('05-9801151','Lexiqvolax','Researcher M5','Keneth','Pinilla',75),('07-6167527','Bioplex','Director R4','Lavera','Angalich',83),('08-9519988','Hatfan','Associate Manager M8','Maurine','Briddick',4),('09-2477131','year-job','Scientist L2','Jerry','Darakjy',195),('10-1885341','Betatech','Senior Scientist R1','Lai','Shin',134),('12-2459515','Nam-zim','SalesRep M9','Lonny','Marrier',127),('12-8194115','Hottechi','Scientist M9','Katina','Layous',198),('14-5502053','J-Texon','Senior Scientist M1','Terrilyn','Ketelsen',165),('15-6515230','Yearin','SalesRep L5','Taryn','Slayton',121),('17-8311836','Warephase','Researcher M4','Raymon','Wenner',143),('18-6868850','Sunnamplex','Director R8','Lavonda','Juvera',13),('21-0607602','Ron-tech','Senior Manager M4','Blair','Sawchuk',177),('25-2484659','Groovestreet','Senior Director R8','Paz','Blunk',63),('25-8509075','Zencorporation','Senior Director M3','Eun','Bolognia',54),('26-0493429','Silis','Director M3','Kanisha','Rowling',199),('27-2108866','Toughzap','Senior Director R8','Ettie','Shin',148),('30-0060314','Funholding','SalesRep M5','Dean','Fredicks',80),('33-3122572','Blackzim','Senior Scientist M9','Dominque','Venere',32),('34-4111553','Labdrill','Researcher L3','Alease','Regusters',174),('34-9450658','Finhigh','Senior Manager R8','Mollie','Nestle',104),('35-0728111','Fasehatice','Director R7','Chantell','Kulzer',181),('37-0917926','Statholdings','Senior Director L4','Frederica','Lietz',69),('38-0990951','Lexiqvolax','Fellow R7','Carmela','Scipione',189),('39-7861291','Plexzap','Associate Director L4','Carey','Mconnell',11),('41-5753983','Xx-zobam','Senior Director R9','Vilma','Bartolet',100),('43-0143820','Plussunin','Associate Fellow R3','Tresa','Liukko',194),('43-4733948','Goodsilron','Associate Manager M7','Lai','Storment',173),('53-2746024','Warephase','Associate Director M1','Hoa','Varriano',136),('53-5128822','Iselectrics','Associate Fellow M2','Emerson','Mirafuentes',30),('60-8943972','Iselectrics','Senior Director L2','Golda','Raymo',89),('66-0947691','Zotware','Senior Director M5','Eladia','Castros',24),('68-0050695','Donware','SalesRep R2','Markus','Bruschke',122),('73-9308544','Cancity','Manager R8','Irma','Monarrez',53),('75-4600214','Ron-tech','Scientist R1','Ilene','Fishburne',67),('75-7314641','Openlane','Manager R3','France','Gleich',131),('80-2924796','J-Texon','Researcher R5','Twana','Rulapaugh',151),('86-3689576','Green-Plus','Associate Director M3','Kristel','Gato',90),('88-2511678','Inity','Director R4','Olive','Lueckenbach',116),('94-0706896','Mathtouch','Senior Manager M1','Valentine','Kulzer',92),('97-4309225','Bioplex','Senior Manager L2','Janine','Baltimore',186);
/*!40000 ALTER TABLE `Business` ENABLE KEYS */;
UNLOCK TABLES;

--
-- Table structure for table `Color`
--

DROP TABLE IF EXISTS `Color`;
/*!40101 SET @saved_cs_client     = @@character_set_client */;
/*!40101 SET character_set_client = utf8 */;
CREATE TABLE `Color` (
  `color_id` int(11) NOT NULL AUTO_INCREMENT,
  `color` varchar(50) COLLATE utf8mb4_general_ci NOT NULL,
  PRIMARY KEY (`color_id`),
  UNIQUE KEY `color` (`color`)
) ENGINE=InnoDB AUTO_INCREMENT=36 DEFAULT CHARSET=utf8mb4 COLLATE=utf8mb4_general_ci;
/*!40101 SET character_set_client = @saved_cs_client */;

--
-- Dumping data for table `Color`
--

LOCK TABLES `Color` WRITE;
/*!40000 ALTER TABLE `Color` DISABLE KEYS */;
INSERT INTO `Color` VALUES (30,'Aluminum'),(8,'Beige'),(25,'Black'),(9,'Blue'),(18,'Bronze'),(32,'Brown'),(4,'Claret'),(16,'Copper'),(3,'Cream'),(7,'Gold'),(11,'Gray'),(1,'Green'),(26,'Maroon'),(12,'Metallic'),(28,'Navy'),(13,'Orange'),(29,'Pink'),(6,'Purple'),(5,'Red'),(35,'Rose'),(22,'Rust'),(14,'Silver'),(15,'Tan'),(2,'Turquoise'),(19,'White'),(23,'Yellow');
/*!40000 ALTER TABLE `Color` ENABLE KEYS */;
UNLOCK TABLES;

--
-- Table structure for table `Customer`
--

DROP TABLE IF EXISTS `Customer`;
/*!40101 SET @saved_cs_client     = @@character_set_client */;
/*!40101 SET character_set_client = utf8 */;
CREATE TABLE `Customer` (
  `customer_id` int(11) NOT NULL AUTO_INCREMENT,
  `phone` varchar(20) COLLATE utf8mb4_general_ci NOT NULL,
  `street` varchar(100) COLLATE utf8mb4_general_ci NOT NULL,
  `city` varchar(100) COLLATE utf8mb4_general_ci NOT NULL,
  `state` varchar(100) COLLATE utf8mb4_general_ci NOT NULL,
  `zip_code` varchar(20) COLLATE utf8mb4_general_ci NOT NULL,
  `email` varchar(100) COLLATE utf8mb4_general_ci DEFAULT NULL,
  PRIMARY KEY (`customer_id`)
) ENGINE=InnoDB AUTO_INCREMENT=201 DEFAULT CHARSET=utf8mb4 COLLATE=utf8mb4_general_ci;
/*!40101 SET character_set_client = @saved_cs_client */;

--
-- Dumping data for table `Customer`
--

LOCK TABLES `Customer` WRITE;
/*!40000 ALTER TABLE `Customer` DISABLE KEYS */;
INSERT INTO `Customer` VALUES (1,'213399946','438 4-street','Riverside','TX','71675','tmconnell@zumgoity.com'),(2,'9596403978','9246 12-street','Corpus Christi','KY','96337','dsetter@zumgoity.com'),(3,'1020207641','1895 11-street','Fort Worth','TX','54411','oostrosky@faxquote.com'),(4,'583472854','3646 6-street','Richmond','CA','14113','gleinenbach@betasoloin.com'),(5,'663692676','2241 9-street','St. Paul','OH','9779','kfarrow@gogozoom.com'),(6,'6382790302','5664 8-street','Chula Vista','IN','78950','vharoldson@rantouch.com'),(7,'8502719603','2904 21-street','Memphis','TN','41308','nperez@blackzim.com'),(9,'706470748','2680 7-street','Baltimore','OK','83300','yfelger@groovestreet.com'),(10,'2738568375','1604 1-street','Omaha','NC','3539','tlinahan@labdrill.com'),(11,'6799503633','4826 21-street','Baltimore','OK','48572','xscheyer@warephase.com'),(12,'798518431','1514 19-street','Kansas City','AZ','88085','csama@bioholding.com'),(13,'4943302000','8045 10-street','Memphis','TN','26029','nboord@betatech.com'),(14,'1107569648','5135 21-street','Los Angeles','CA','16330',''),(15,'5575984000','9824 9-street','Wichita','TX','12236',''),(16,'1187497771','5437 3-street','Irving','AZ','89091','cstoltzman@rundofase.com'),(17,'8468971957','6810 18-street','Indianapolis','IN','13749','eschieler@blackzim.com'),(18,'4856335522','5214 17-street','St. Louis','CA','66315','rdelasancha@stanredtax.com'),(19,'9919665090','5345 16-street','Reno','VA','79485','mcentini@singletechno.com'),(20,'769118612','7154 12-street','Irving','AZ','52295','svillanueva@lexiqvolax.com'),(22,'4693228016','5887 16-street','Mesa','VA','78558','ahidvegi@scotfind.com'),(24,'8269013055','6556 12-street','Oakland','MN','27258','emauson@konmatfix.com'),(25,'1587263688','6008 14-street','Honolulu','CO','96626','bsaylors@codehow.com'),(28,'1680591543','8884 9-street','Sacramento','CA','56712','dperin@doncon.com'),(29,'728931740','226 14-street','Tucson','CA','80383','amorocco@stanredtax.com'),(30,'4265505072','8251 15-street','Arlington','LA','83488','ckolmetz@warephase.com'),(31,'3915729799','6402 7-street','Irvine','NC','16724','jglick@goodsilron.com'),(32,'3347958726','8743 3-street','Albuquerque','AZ','57095',''),(33,'7397974944','3583 21-street','Houston','TX','61159','akusko@zencorporation.com'),(34,'5341057929','9675 2-street','Jersey City','CA','70105','tregusters@ganjaflex.com'),(35,'5858632305','6792 5-street','Jacksonville','FL','71766','ebaltimore@singletechno.com'),(36,'3539684893','350 5-street','Colorado Springs','NE','8954','lhalter@openlane.com'),(37,'5418414705','1818 21-street','Toledo','NC','99681','cbilden@groovestreet.com'),(38,'9823444337','3125 20-street','Los Angeles','CA','22227',''),(39,'9680830274','1130 3-street','Baltimore','OK','28902','hwaymire@newex.com'),(40,'6762288681','3171 20-street','Nashville-Davidson','MD','86587','jwitten@toughzap.com'),(41,'1579571338','4203 19-street','Los Angeles','CA','95231','mharoldson@sumace.com'),(42,'6254507435','9893 13-street','Madison','TX','95139','lpawlowicz@gogozoom.com'),(43,'8862184577','7282 17-street','Plano','NV','12480','vparvis@opentech.com'),(44,'8250500917','5943 8-street','Wichita','TX','29847','jmunis@gogozoom.com'),(45,'9401878033','1325 8-street','Pittsburgh','AK','7950','srantanen@scotfind.com'),(46,'9353320487','7754 16-street','Charlotte','NC','89983','ijayson@cancity.com'),(47,'7379855992','3809 16-street','Phoenix','AZ','74338','bsawchuk@rantouch.com'),(48,'9274858043','2645 19-street','Irving','AZ','88362','mrulapaugh@plusstrip.com'),(49,'1675218251','5462 20-street','Denver','CO','59180','llinahan@finjob.com'),(50,'9991476373','9349 13-street','Reno','VA','3955','lgillaspie@zencorporation.com'),(51,'5654051915','3155 3-street','Las Vegas','WI','9573','kbourbon@scotfind.com'),(52,'1387530559','5376 2-street','Arlington','LA','78037','faquas@scottech.com'),(53,'692888034','142 16-street','Los Angeles','CA','70143','dkaniecki@funholding.com'),(54,'9621955506','5737 4-street','Boston','TN','73659','asweigard@kinnamplus.com'),(55,'1577607406','63 19-street','Orlando','FL','68407',''),(56,'1433348157','7300 15-street','Las Vegas','WI','43670','ttreston@zencorporation.com'),(57,'6411017442','2910 16-street','Fort Worth','TX','68619','mbutt@plexzap.com'),(58,'389051409','3968 4-street','Newark','TX','26131','eluczki@hatfan.com'),(59,'4246621714','5861 16-street','Kansas City','AZ','24586','scloney@konmatfix.com'),(60,'9481709095','703 20-street','Fort Worth','TX','58757',''),(61,'3331922115','4454 14-street','Buffalo','NJ','98345','dsarao@golddex.com'),(62,'1678547402','3726 8-street','Baltimore','OK','33994','nschemmer@zencorporation.com'),(63,'8606030011','4833 11-street','Austin','TX','2720','rblackwood@y-corporation.com'),(64,'1526819272','6460 1-street','Cleveland','KS','19106','scolla@golddex.com'),(65,'7577634102','237 5-street','St. Louis','CA','43201','tbachman@konex.com'),(66,'6422597429','7367 5-street','Minneapolis','OK','78814','epalaspas@stanredtax.com'),(67,'1320896761','439 15-street','Bakersfield','FL','32198','rgato@bioholding.com'),(68,'7150655947','9534 1-street','Glendale','TX','71607',''),(69,'5133181891','1018 7-street','Newark','TX','25874','apoullion@year-job.com'),(70,'4902392607','1228 6-street','Hialeah','NV','21726','kkippley@stanredtax.com'),(71,'1374181394','3096 19-street','Baton Rouge','TX','62255','smaybury@bioplex.com'),(72,'7180122511','3397 3-street','Denver','CO','91136','sisaacs@goodsilron.com'),(73,'8985019834','4691 12-street','Minneapolis','OK','93225','qcantres@lexiqvolax.com'),(74,'3908583441','7044 16-street','Dallas','TX','53850','hherritt@dalttechnology.com'),(75,'3355458676','8053 17-street','Louisville/Jefferson County','OR','2696','jostrosky@nam-zim.com'),(76,'9396666663','6175 17-street','Jacksonville','FL','13791','ezurcher@bioplex.com'),(77,'3761032673','200 18-street','Lincoln','NY','65794','jbiddy@iselectrics.com'),(78,'3317859541','6150 17-street','Norfolk','NC','3321','cbenimadho@newex.com'),(79,'1859590014','5092 20-street','Tulsa','OH','36477','cgibes@dontechi.com'),(80,'5739448186','7072 11-street','Baltimore','OK','84488',''),(81,'4584955666','3367 4-street','Madison','TX','13950','rskulski@sonron.com'),(83,'6462559964','779 9-street','Philadelphia','PA','84874',''),(84,'6978835268','8193 8-street','San Antonio','TX','82276','mlother@newex.com'),(85,'368278690','3899 6-street','Boise City','VA','23115','amaybury@finhigh.com'),(86,'9509224748','4666 10-street','Boston','TN','61462','lshinko@plussunin.com'),(87,'6850141056','7582 7-street','Fort Wayne','FL','97639','lferencz@streethex.com'),(88,'1574497569','7535 13-street','New Orleans','CA','21560','jfortino@finjob.com'),(89,'1326205709','8257 14-street','Norfolk','NC','96993',''),(90,'5557050884','2499 14-street','Lubbock','CA','56789','cfoller@ron-tech.com'),(91,'2668369293','8314 17-street','San Diego','CA','36912','lsturiale@kan-code.com'),(92,'9953808583','2797 5-street','El Paso','TX','45787','lhaufler@zathunicon.com'),(94,'1974184430','6534 7-street','Columbus','OH','28691','bmunns@codehow.com'),(96,'6222810837','2749 6-street','Charlotte','NC','98482','donofrio@warephase.com'),(97,'6104682939','9440 21-street','Kansas City','AZ','77943','ereitler@zotware.com'),(98,'6288898018','7350 8-street','Portland','NV','32773','amaile@conecom.com'),(99,'1252295282','5310 19-street','Cincinnati','MN','83089','yturinetti@j-texon.com'),(100,'7702201434','564 7-street','Phoenix','AZ','30761','alorens@zencorporation.com'),(101,'505368401','1013 15-street','Chula Vista','IN','16752','dferencz@konex.com'),(102,'9248918714','2985 14-street','Los Angeles','CA','87682','pmartabano@doncon.com'),(103,'2702089410','5202 20-street','Fort Worth','TX','91740','lrantanen@plusstrip.com'),(104,'2216937687','9526 8-street','Anchorage','CA','9544','bfrey@goodsilron.com'),(105,'7820684242','4372 9-street','Louisville/Jefferson County','OR','37836','cwhobrey@lexiqvolax.com'),(107,'5466289697','5274 2-street','New York','NY','5501','nsemidey@blackzim.com'),(108,'5571476773','7876 13-street','Anchorage','CA','60946','hauffrey@domzoom.com'),(109,'4456308450','9418 11-street','St. Paul','OH','24370',''),(110,'4267282394','8575 14-street','Austin','TX','30398','anunlee@zencorporation.com'),(111,'3841718234','4250 21-street','Virginia Beach','GA','70041','aogg@dalttechnology.com'),(113,'9796761201','2852 9-street','Reno','VA','59227','dgalam@lexiqvolax.com'),(114,'2533720672','3433 21-street','Jersey City','CA','97554','lahle@goodsilron.com'),(115,'5139591614','3758 3-street','Houston','TX','93403','cgoldammer@silis.com'),(116,'5588339447','7730 4-street','Tampa','HI','19012','lbevelacqua@konmatfix.com'),(117,'3963308236','3394 11-street','Virginia Beach','GA','21078','sgiguere@finjob.com'),(118,'9425991853','1719 20-street','Oklahoma City','KY','10898','ahughey@dambase.com'),(119,'4940003129','4019 5-street','Aurora','CA','53539','mmalvin@funholding.com'),(120,'4406850849','914 20-street','San Antonio','TX','68448','dengelberg@rantouch.com'),(121,'3845738997','840 4-street','Oakland','MN','18815','dyglesias@silis.com'),(122,'4190403055','9564 6-street','San Diego','CA','14868','kehmann@newex.com'),(123,'6537557901','1517 19-street','Aurora','CA','90814','ttjepkema@treequote.com'),(124,'8315356658','8050 11-street','Henderson','NE','94296','ntoelkes@iselectrics.com'),(125,'970699009','1513 7-street','Jersey City','CA','40956',''),(126,'1448914508','6043 6-street','Dallas','TX','21023','awildfong@gogozoom.com'),(127,'1267381896','2802 21-street','North Las Vegas','CA','82749','jlindall@kinnamplus.com'),(129,'4915233597','3460 15-street','Chicago','IL','61708','scomnick@streethex.com'),(130,'5596686485','4940 2-street','Anaheim','CA','79483','jkoppinger@bioplex.com'),(131,'2122687338','8458 18-street','Nashville-Davidson','MD','64729','tbartolet@xx-holding.com'),(132,'577651801','66 10-street','Buffalo','NJ','53863','mengelberg@iselectrics.com'),(133,'5788081288','2359 5-street','Oklahoma City','KY','68456','wbreland@konmatfix.com'),(134,'718891515','6078 4-street','Anchorage','CA','89677','tperin@blackzim.com'),(135,'720363016','7156 12-street','Plano','NV','90870','abitsuie@xx-zobam.com'),(136,'3963753798','7687 5-street','Atlanta','CO','18500','lehmann@dontechi.com'),(137,'7732242202','9582 11-street','Seattle','WA','96264','ejuhas@warephase.com'),(138,'4303290648','1138 17-street','St. Petersburg','AZ','99882','ykonopacki@plusstrip.com'),(139,'7269642762','2150 20-street','San Francisco','CA','69842','ebarfield@betasoloin.com'),(140,'2977557657','7175 16-street','Cincinnati','MN','17189','tfrerking@plexzap.com'),(142,'5201367484','3334 8-street','Austin','TX','72284','tfunnell@zoomit.com'),(143,'618710071','6729 13-street','Henderson','NE','7428','arentfro@domzoom.com'),(144,'1174233938','4707 11-street','Houston','TX','64299','lberlanga@rundofase.com'),(145,'9963348430','8691 9-street','Indianapolis','IN','6705','afillingim@kan-code.com'),(146,'1353591607','3638 10-street','Houston','TX','87596','cacey@nam-zim.com'),(147,'6663567812','3860 16-street','Stockton','OH','70202','dhoneywell@blackzim.com'),(148,'2765842516','4630 14-street','Charlotte','NC','91338','ltegarden@scotfind.com'),(150,'8937050319','9964 12-street','New York','NY','2933','rmaynerich@zumgoity.com'),(151,'1295867444','8540 3-street','Anaheim','CA','89578','fschemmer@toughzap.com'),(153,'1835704448','8986 21-street','Lexington-Fayette','PA','51079','tbartolet@isdom.com'),(155,'9682655552','4048 6-street','Anchorage','CA','59966','nwiklund@plexzap.com'),(156,'4754848228','5969 13-street','Buffalo','NJ','66988','jgotter@dontechi.com'),(157,'7771651721','1196 18-street','Wichita','TX','27818','chellickson@donware.com'),(158,'3232843344','6938 7-street','Albuquerque','AZ','92207','khalter@betatech.com'),(159,'7239819567','5496 3-street','Denver','CO','6934','ddilello@rantouch.com'),(160,'7988113075','9685 2-street','Boston','TN','22976','jfigeroa@faxquote.com'),(161,'9460075046','609 14-street','Omaha','NC','98545','klace@finjob.com'),(162,'9161351894','1838 2-street','Mesa','VA','21902','jpinilla@openlane.com'),(163,'5896714927','8634 11-street','San Francisco','CA','98229','ltomasulo@blackzim.com'),(164,'8898240201','9597 6-street','Garland','FL','23856','jdemesa@scottech.com'),(165,'3660329475','6663 6-street','Chesapeake','AZ','52537','ivanheusen@condax.com'),(166,'2413273945','9723 1-street','Chandler','TX','94525','cpadilla@codehow.com'),(167,'8799619111','3224 16-street','Sacramento','CA','24724','chollack@zoomit.com'),(168,'9342834158','5573 7-street','Bakersfield','FL','54549','mdilello@openlane.com'),(169,'247749496','8102 19-street','Los Angeles','CA','14989','lrhoden@golddex.com'),(170,'8740455825','9146 8-street','Oklahoma City','KY','78936','ydegroot@stanredtax.com'),(171,'5318388770','419 6-street','Columbus','OH','7051','ekines@donware.com'),(172,'1455563822','712 19-street','Houston','TX','4775','svinning@domzoom.com'),(173,'6670173598','8485 9-street','Fort Worth','TX','38021','earedondo@scottech.com'),(174,'3880267245','3597 2-street','Fort Worth','TX','16909','hauffrey@sunnamplex.com'),(175,'6744378134','648 12-street','North Las Vegas','CA','54125','hmontezuma@donware.com'),(176,'4935277297','8904 1-street','Honolulu','CO','22824','bgellinger@green-plus.com'),(177,'1352389656','5697 4-street','Lexington-Fayette','PA','64481',''),(178,'1088081648','9976 5-street','St. Louis','CA','79384','fhoopengardner@bioholding.com'),(179,'2294596620','9483 7-street','Anchorage','CA','68807','titurbide@rangreen.com'),(180,'1529913151','9737 7-street','Seattle','WA','12926','bonofrio@scotfind.com'),(181,'4968436811','5872 2-street','Santa Ana','MO','63822','ibrucato@stanredtax.com'),(182,'3742674013','793 8-street','New York','NY','99051','jfern@bioplex.com'),(183,'2563801437','5398 12-street','Lubbock','CA','18344',''),(184,'6582231709','5810 1-street','Greensboro','NJ','23981','lhoffis@singletechno.com'),(185,'2439635928','4911 3-street','Chula Vista','IN','14642','apinilla@ron-tech.com'),(186,'6460745453','6657 14-street','Dallas','TX','44760','estockham@y-corporation.com'),(188,'1420558885','4724 9-street','San Antonio','TX','55709','lcantres@warephase.com'),(189,'1325956157','8359 17-street','Colorado Springs','NE','37713','dbrucato@plexzap.com'),(190,'4752675684','8284 1-street','Tucson','CA','49195','xgochal@donquadtech.com'),(191,'3162047860','2222 16-street','Laredo','VA','30353','ablackwood@rundofase.com'),(192,'6430223893','3244 1-street','Plano','NV','60791','cleto@ontomedia.com'),(193,'9376377708','1647 15-street','Columbus','OH','43421','kblunk@warephase.com'),(194,'4869498938','7817 19-street','Memphis','TN','6064','gcomnick@conecom.com'),(195,'527694166','1297 8-street','Raleigh','FL','54202','dmiro@rundofase.com'),(196,'838636926','8665 18-street','Detroit','MI','89762',''),(197,'675048928','4876 9-street','Lexington-Fayette','PA','27546','kgudroe@plussunin.com'),(198,'9935571206','9593 5-street','Philadelphia','PA','14670','lkeener@betasoloin.com'),(199,'1382305220','7260 3-street','Sacramento','CA','45101','hcaiafa@codehow.com'),(200,'5753398951','9510 18-street','Long Beach','MO','9794','ndilliard@hottechi.com');
/*!40000 ALTER TABLE `Customer` ENABLE KEYS */;
UNLOCK TABLES;

--
-- Table structure for table `django_session`
--

DROP TABLE IF EXISTS `django_session`;
/*!40101 SET @saved_cs_client     = @@character_set_client */;
/*!40101 SET character_set_client = utf8 */;
CREATE TABLE `django_session` (
  `session_key` varchar(40) COLLATE utf8mb4_general_ci NOT NULL,
  `session_data` longtext COLLATE utf8mb4_general_ci,
  `expire_date` datetime DEFAULT NULL,
  PRIMARY KEY (`session_key`)
) ENGINE=InnoDB DEFAULT CHARSET=utf8mb4 COLLATE=utf8mb4_general_ci;
/*!40101 SET character_set_client = @saved_cs_client */;

--
-- Dumping data for table `django_session`
--

LOCK TABLES `django_session` WRITE;
/*!40000 ALTER TABLE `django_session` DISABLE KEYS */;
INSERT INTO `django_session` VALUES ('0gxpafqhng2j3850ng3humv1clelbrmb','MWEzZGExODIyZjMwYmMwYTFiZTk4MzI4YTIwNWI4NzFhYWUwMzFlMjqABJUpAQAAAAAAAH2UjAtsb2dnZWRfdXNlcpSMFWRqYW5nby5kYi5tb2RlbHMuYmFzZZSMDm1vZGVsX3VucGlja2xllJOUjAVNeWFwcJSMBFVzZXKUhpSFlFKUfZQojAh1c2VybmFtZZSMB2J1cmRlbGyUjAhwYXNzd29yZJSMB2J1cmRlbGyUjApmaXJzdF9uYW1llIwBR5SMCWxhc3RfbmFtZZSMB0J1cmRlbGyUjAlqb2JfdGl0bGWUXZQojAdNYW5hZ2VylIwPSW52ZW50b3J5IENsZXJrlIwMU2FsZXMgUGVvcGxllGWMB2JhY2tlbmSUjB9hcHBzLk15YXBwLmJhY2tlbmQuTG9naW5CYWNrZW5klIwPX2RqYW5nb192ZXJzaW9ulIwFMi4yLjWUdWJzLg==','2019-11-30 06:04:54');
/*!40000 ALTER TABLE `django_session` ENABLE KEYS */;
UNLOCK TABLES;

--
-- Table structure for table `Individual`
--

DROP TABLE IF EXISTS `Individual`;
/*!40101 SET @saved_cs_client     = @@character_set_client */;
/*!40101 SET character_set_client = utf8 */;
CREATE TABLE `Individual` (
  `dl_num` varchar(20) COLLATE utf8mb4_general_ci NOT NULL,
  `customer_id` int(11) NOT NULL,
  `first_name` varchar(20) COLLATE utf8mb4_general_ci NOT NULL,
  `last_name` varchar(20) COLLATE utf8mb4_general_ci NOT NULL,
  PRIMARY KEY (`dl_num`),
  KEY `fk_individual_customer` (`customer_id`),
  CONSTRAINT `fk_individual_customer` FOREIGN KEY (`customer_id`) REFERENCES `customer` (`customer_id`)
) ENGINE=InnoDB DEFAULT CHARSET=utf8mb4 COLLATE=utf8mb4_general_ci;
/*!40101 SET character_set_client = @saved_cs_client */;

--
-- Dumping data for table `Individual`
--

LOCK TABLES `Individual` WRITE;
/*!40000 ALTER TABLE `Individual` DISABLE KEYS */;
INSERT INTO `Individual` VALUES ('A0519346932',5,'Sarah','Pawlowicz'),('A0891946418',124,'Stephen','Pelkowski'),('A0953343682',87,'Helene','Saylors'),('A1953394969',18,'Lorrine','Pagliuca'),('A2130488970',118,'Nicolette','Biddy'),('A2156704547',15,'Xochitl','Pagliuca'),('A2547186724',91,'Gearldine','Amigon'),('A2628970055',35,'Cristy','Acey'),('A2840015188',182,'Skye','Estell'),('A3747937972',52,'Leatha','Batman'),('A3961543582',41,'Carmelina','Rauser'),('A4237394300',119,'Shenika','Kines'),('A4363352704',175,'Adell','Leinenbach'),('A4708877275',44,'Samira','Nachor'),('A5116094170',43,'Shawna','Cousey'),('A5441879198',163,'Fabiola','Keener'),('A5612369872',178,'Aja','Harabedian'),('A5932340550',162,'Blair','Cronauer'),('A6303892555',193,'Noah','Semidey'),('A6434991693',113,'Truman','Strassner'),('A6448389020',57,'Kimberlie','Stockham'),('A6657577671',51,'Lemuel','Kardas'),('A6819485677',129,'Mariann','Burnard'),('A7120700731',147,'Junita','Toelkes'),('A7690497079',86,'Sylvia','Kusko'),('A8107181602',25,'Norah','Gleich'),('A8179961589',105,'Tegan','Andreason'),('A8352857373',169,'Felicidad','Discipio'),('A8940446385',50,'Annelle','Reiber'),('A9679099306',48,'Luisa','Nicolozakes'),('A9685977010',115,'Louvenia','Gillaspie'),('A9800617405',160,'Golda','Kannady'),('B0118879496',99,'Sylvia','Kitty'),('B0504258873',88,'Merissa','Wolny'),('B0554787573',153,'Willow','Fern'),('B0585188333',42,'Lorrie','Boord'),('B0664933596',103,'Weldon','Gehrett'),('B0676368739',55,'Refugia','Riden'),('B1467621707',36,'Arlette','Arias'),('B1872571043',117,'Elvera','Flosi'),('B1897119906',1,'Filiberto','Limmel'),('B2116633076',135,'Wilda','Fritz'),('B2287458166',94,'Rolland','Emigh'),('B2606688489',123,'Chanel','Maclead'),('B2804248768',159,'Donte','Cousey'),('B2906209149',179,'Chanel','Kippley'),('B3151226118',101,'Delisa','Buvens'),('B3507444732',125,'Melodie','Madarang'),('B3621247910',200,'Edna','Wolny'),('B3716300300',34,'Art','Degroot'),('B4543107001',192,'Cyndy','Royster'),('B4645539147',138,'Lili','Arias'),('B4683383831',184,'Gracia','Agramonte'),('B4745861576',102,'Brett','Toelkes'),('B4761949869',167,'Oretha','Cork'),('B4913696298',85,'Raylene','Zepp'),('B5327595424',170,'Ressie','Palaia'),('B5428704297',126,'Gracia','Ennaco'),('B5930662838',81,'Latrice','Claucherty'),('B6148685373',61,'Mireya','Sawchuk'),('B6520528449',33,'Donette','Felger'),('B6684374397',76,'Mariann','Lary'),('B6711015012',16,'Mitsue','Slusarski'),('B6894388117',157,'Wynell','Swayze'),('B7298707408',73,'Nana','Newville'),('B7647746540',188,'Marti','Kohl'),('B7658453163',17,'Cyndy','Gochal'),('B7770854372',71,'Garry','Schnitzler'),('B7825808469',14,'Glendora','Ennaco'),('B7916407234',39,'Ressie','Hoffis'),('B8617696591',22,'Helaine','Maclead'),('B8838483933',180,'Tamar','Rodefer'),('B9103421452',37,'Mirta','Weirather'),('B9167611164',9,'Mitsue','Diestel'),('C0188223064',172,'Mitsue','Tomasulo'),('C0556840359',12,'Raul','Castros'),('C0640712551',145,'Talia','Keetch'),('C0925817172',84,'Arthur','Mirafuentes'),('C1172628796',29,'Jacqueline','Shields'),('C1317447002',133,'Franklyn','Kaniecki'),('C1394323936',68,'Aliza','Meisel'),('C1404134532',74,'Junita','Perigo'),('C1550981362',197,'Glenna','Newville'),('C2448589066',77,'Eden','Mirafuentes'),('C2744068306',114,'Virgie','Garufi'),('C3304949185',137,'Gail','Scheyer'),('C3670850732',62,'Alishia','Latzke'),('C3686964342',164,'Josphine','Degroot'),('C3701564618',31,'Rhea','Jillson'),('C4179179446',190,'Alyce','Hauenstein'),('C4376643077',78,'Earleen','Onofrio'),('C4429219457',65,'Rhea','Pontoriero'),('C4730867711',97,'Portia','Hauenstein'),('C5517920862',171,'Tyra','Jacobos'),('C6508528685',10,'Elke','Felger'),('C6885206034',130,'Jina','Bowley'),('C6972781026',108,'Ma','Yum'),('C7154501254',166,'Glenna','Onofrio'),('C7245495659',140,'Oretha','Bowley'),('C7482916743',150,'Lenna','Honeywell'),('C7649296970',155,'Reita','Moyd'),('C7731551051',46,'Larae','Thyberg'),('C7821395607',79,'Glendora','Rodeigues'),('C8244565014',120,'Irma','Dhamer'),('C8694307110',185,'Katina','Monarrez'),('C8771937989',176,'Thaddeus','Lawler'),('C8797407549',20,'Ressie','Pedrozo'),('C8989750395',96,'Derick','Dilliard'),('C9227901984',38,'Sharika','Storment'),('C9556821151',64,'Salome','Theodorov'),('C9736973233',146,'Joesph','Haufler'),('C9808620269',70,'Martina','Lietz'),('C9903567737',142,'Linn','Hollack'),('D0627627707',109,'Solange','Ostrosky'),('D1162502438',28,'Lili','Farrar'),('D1451097081',168,'France','Figeroa'),('D1490490202',196,'Audry','Wide'),('D1610396701',161,'Chaya','Palaia'),('D2548986249',183,'Xochitl','Knipp'),('D2619628333',158,'Junita','Walthall'),('D3829841679',60,'Shawna','Vizarro'),('D4296267174',111,'Ahmed','Padilla'),('D4435428566',2,'Jacqueline','Strassner'),('D4766565553',6,'Iluminada','Pagliuca'),('D4813659453',45,'Blondell','Bayless'),('D5555586904',7,'Annmarie','Royster'),('D5653451679',107,'Van','Comnick'),('D5973707816',56,'Candida','Baltimore'),('D6463541439',72,'Lizbeth','Foller'),('D7279401089',110,'Junita','Miro'),('D7751875993',156,'Carissa','Similton'),('D7757448068',3,'Merilyn','Maile'),('D7770361115',58,'Luisa','Malet'),('D7810922062',191,'Bernardo','Benimadho'),('D7934013852',139,'Lavonna','Good'),('D8126834725',132,'Daron','Fredicks'),('D8377275576',144,'Derick','Sengbusch'),('D8463845828',40,'Stephaine','Drymon'),('D8596790243',47,'Tiffiny','Devreese'),('D9431249359',49,'Benton','Konopacki'),('D9635369685',19,'Carmelina','Staback'),('D9745941406',59,'My','Arceo'),('D9806834505',98,'Tyra','Layous');
/*!40000 ALTER TABLE `Individual` ENABLE KEYS */;
UNLOCK TABLES;

--
-- Table structure for table `Job`
--

DROP TABLE IF EXISTS `Job`;
/*!40101 SET @saved_cs_client     = @@character_set_client */;
/*!40101 SET character_set_client = utf8 */;
CREATE TABLE `Job` (
  `job_id` int(11) NOT NULL AUTO_INCREMENT,
  `job_title` varchar(45) COLLATE utf8mb4_general_ci NOT NULL,
  PRIMARY KEY (`job_id`),
  UNIQUE KEY `job_title` (`job_title`)
) ENGINE=InnoDB AUTO_INCREMENT=5 DEFAULT CHARSET=utf8mb4 COLLATE=utf8mb4_general_ci;
/*!40101 SET character_set_client = @saved_cs_client */;

--
-- Dumping data for table `Job`
--

LOCK TABLES `Job` WRITE;
/*!40000 ALTER TABLE `Job` DISABLE KEYS */;
INSERT INTO `Job` VALUES (3,'Inventory Clerk'),(2,'Manager'),(4,'Sales People');
/*!40000 ALTER TABLE `Job` ENABLE KEYS */;
UNLOCK TABLES;

--
-- Table structure for table `Loan`
--

DROP TABLE IF EXISTS `Loan`;
/*!40101 SET @saved_cs_client     = @@character_set_client */;
/*!40101 SET character_set_client = utf8 */;
CREATE TABLE `Loan` (
  `VIN` varchar(50) COLLATE utf8mb4_general_ci NOT NULL,
  `rate` varchar(10) COLLATE utf8mb4_general_ci NOT NULL,
  `payment` decimal(10,2) NOT NULL,
  `down_payment` decimal(15,2) NOT NULL,
  `term` int(11) NOT NULL,
  KEY `fk_loan_vehicle` (`VIN`),
  CONSTRAINT `fk_loan_vehicle` FOREIGN KEY (`VIN`) REFERENCES `vehicle` (`VIN`)
) ENGINE=InnoDB DEFAULT CHARSET=utf8mb4 COLLATE=utf8mb4_general_ci;
/*!40101 SET character_set_client = @saved_cs_client */;

--
-- Dumping data for table `Loan`
--

LOCK TABLES `Loan` WRITE;
/*!40000 ALTER TABLE `Loan` DISABLE KEYS */;
INSERT INTO `Loan` VALUES ('GIOLVCOW6FP335188','0.03',118.63,384.87,13),('3LMQEJ637DV562400','0.02',196.34,261.78,14),('8O3HA3XCMF8542802','0.02',162.12,5493.95,18),('HQC4QIGI5R0047396','0.02',99.24,1665.78,14),('W237VB7JQCR328314','0.03',89.80,1582.39,16),('6KWLNKZW7TB480162','0.02',152.71,3716.54,12),('T8VKW8BVR4S799169','0.03',519.14,692.18,14),('30TKOS7OOZE898754','0.02',241.14,2218.14,15),('XNXLS5I71MA658964','0.03',399.76,1633.80,14),('XJZQEGWAV7Q033418','0.02',95.14,778.77,5),('5N8JUSLD214397601','0.02',396.88,1361.22,7),('VGDTPF85FW3798103','0.02',115.30,1835.35,12),('NIVJT1I8VH1312956','0.02',121.89,791.93,13),('2A8QZNBMXTP305324','0.02',72.48,2735.00,4),('CLEGAGVNX62265577','0.03',97.39,483.16,5),('GLJRT76OYH0767251','0.02',576.68,6213.65,9),('NC0WM0W6U38530017','0.02',89.42,1154.26,6),('PHRGFZ1JX1M009627','0.03',148.41,1788.93,8),('5A77A0KQT4Q738091','0.02',285.84,1496.71,17),('GX7M6O4V208624783','0.02',132.68,1396.90,18),('O5TDAJX7MJE979632','0.02',55.79,906.63,6),('5GJZF82LII6385235','0.02',62.09,875.54,10),('46B8UPAQCVW796829','0.02',117.94,1851.88,21),('XX30JUKVDJS500158','0.03',374.23,1190.10,19),('C4KG3DGR3ED999849','0.03',252.29,336.39,4),('5HIL3GKIIB7639416','0.03',65.97,1176.97,8),('4TSP05XM3T7777863','0.03',994.75,1326.34,20),('8SJQHUYKEFC732678','0.03',168.69,224.92,19),('53WEVPX7H4X102116','0.03',144.62,2452.08,21),('NLS6KSCMBLK635055','0.03',147.09,2308.31,19),('C5V8FLVFK1H700605','0.02',85.96,2459.46,6),('HRDP63I3VLX490165','0.03',262.33,1452.27,15),('5KP0CNPH5CW303661','0.02',78.26,1618.32,13),('DF6PFCH0AEX087065','0.02',219.90,293.20,3),('2MHCSVAPEB8589057','0.03',359.70,2284.90,14),('MAMDBMJQE5N094237','0.02',82.08,1464.31,11),('NTLNBNESY0F523188','0.03',141.59,6242.38,8),('GH7NQUAAD1Z939191','0.03',95.88,2155.15,10),('U0IW6RMXF3E643006','0.03',116.76,4847.41,8),('VP0U4FNOL1Q272112','0.03',468.16,1201.97,6),('GIKGHMM5MB3457530','0.02',171.27,3044.64,3),('O05A7ND5MR4856060','0.03',386.93,515.91,5),('14AFTWPBMU2455340','0.02',62.28,986.19,18),('O8HL8X6RF5B065063','0.02',530.83,4607.26,11),('014YJPHOCI4928433','0.02',453.46,2601.54,6),('Q1JHCKXK6DM600820','0.02',226.02,1516.00,17),('0JF8RY7F203586325','0.02',127.21,1966.91,19),('5A12HXO5U8T698581','0.03',155.71,207.62,18),('OA2AULLS70C156569','0.03',130.97,174.63,4),('HE08QS6227G217277','0.03',163.94,1295.03,6),('OLSEKFK5ZQ6130350','0.02',61.37,1466.49,20),('KY0VD426W8P596125','0.03',60.28,1673.23,8),('NSMNR56SEOU091726','0.02',439.66,2610.80,13),('6RQECM8EO3O323457','0.03',67.83,2725.75,10),('UDI7LAGS7QL483060','0.02',529.09,705.45,12),('8DD32HTIZXL090058','0.02',410.57,547.43,17),('QS3WIP530WT059941','0.03',329.24,567.13,15),('68OADH2QPOS933812','0.02',123.85,467.24,11),('MQRWSH8TDSA328716','0.03',81.94,1975.53,14),('O046TR5LOK8867896','0.02',48.41,2222.87,17),('UHTZCO50NI6402584','0.02',731.13,1500.64,13),('3ZQSQH7KCWX963150','0.03',116.95,155.93,14),('31WBMVJRBOT808956','0.02',138.90,5756.28,11),('8CQ1LP4Q6N2279150','0.02',100.54,1972.30,20),('HFGE5WGL31N736304','0.02',426.23,568.31,8),('YT768PDJ0NU591276','0.02',380.76,3092.56,18),('CO7U820ZYJ5637259','0.03',481.04,1348.06,11),('PT0IZH2QSM5433241','0.03',71.36,2645.17,5),('I6UOSGEAZM7972498','0.02',296.46,1682.91,11),('EUQV3A4A7F3196095','0.03',128.23,170.97,13),('7UNLIZIDGDO334562','0.03',513.60,684.81,12),('Y7PCLTMP75Q590198','0.03',332.69,1444.24,20),('1TY0OZ6776O551065','0.03',230.43,486.55,12),('88KRF6X46P3045996','0.03',240.76,1796.23,12),('O3PWGTDH5TE469369','0.02',142.91,4094.09,21),('X3SCPDYFXR1281696','0.03',178.26,271.08,14),('SB0II3RK4J8108311','0.02',153.49,3598.10,4),('ZHWDPEKYMVO700411','0.03',1041.49,9023.82,11),('75JPSZY0BUP284256','0.02',162.76,3606.60,5),('7QIC6ZYHPQP552709','0.03',252.01,336.01,8),('RQUC5JRABDA463084','0.02',448.81,1474.25,12),('UFU8XLWSHBR469828','0.03',127.75,267.70,21),('FZ1HFZ585WR955503','0.02',94.59,532.32,10),('6D300ABH65P725391','0.03',138.85,1707.53,13),('8OU7JH0IJU6315337','0.03',209.18,1324.51,13),('N75ES1SYYPY249965','0.02',370.27,2618.45,12),('W7BJ0WMT3F1988589','0.02',270.00,360.00,15),('OLXWF14ZOUL948008','0.02',186.68,1026.92,18),('RKZ4SH0SHZI670624','0.03',106.10,1455.76,18),('V0CS6FK0F2L619952','0.02',29.56,1162.98,9),('GYAJMGYERH5049742','0.03',72.40,2140.00,11),('CKP0OYNPTQV900997','0.02',446.19,976.48,5),('GYGIT50D08O204994','0.02',119.72,1023.19,17),('SYZI0ZHYVNY547468','0.03',182.53,641.43,20),('P7JYBE6FM26738497','0.02',72.80,1195.69,18),('XVHDHEYM76N276701','0.03',358.25,477.66,20),('13AVT0QCFFF714899','0.03',396.61,4555.65,3),('6DBY3C036JZ509895','0.02',200.66,378.71,10),('EBDPUOZW0UW750384','0.03',386.76,925.20,14),('H0NTC0VHQRA123485','0.03',198.57,733.35,3),('Z7SSR7QXU3H868079','0.02',373.17,3507.30,18),('H8V4P7W7UDF905029','0.03',133.38,1917.23,5),('V0Y7R3VOND6385099','0.02',197.38,2023.43,13),('8HVXXFQ4M58279132','0.02',73.19,590.33,4),('AC4ZIL5XS7B075565','0.03',129.79,707.27,20),('KUQE1AIER17796884','0.02',214.26,1990.43,7),('OZLYJHS882G443726','0.02',28.60,1135.23,15),('AXEV4VONGOV055454','0.02',1071.97,17746.23,7),('KU7WAYY7WVW387657','0.02',274.12,1091.15,12),('YQPUSK3G3TY698091','0.02',648.35,864.46,7),('AGIIPKOGTOH069031','0.02',81.80,1633.40,12),('UUWQM04TSAR411514','0.02',47.39,2094.78,20),('F1IB3FDW7VP443571','0.03',152.41,521.22,18),('O6FN2LHJYJP625193','0.03',188.56,3691.60,8),('1PHWGTVKSC5888281','0.02',126.90,1265.08,14),('YRAKHFEO0D1858938','0.03',102.98,3741.40,16),('W0VVANUKDUY874182','0.02',263.49,1481.09,9),('X6PGCLX142L353015','0.03',189.16,283.71,16),('VFRZ3NRGP3T720592','0.02',109.43,145.90,13),('EBZZN84J0L1163524','0.03',74.96,3548.12,18),('MML51CMHAQ5564453','0.02',237.45,1428.96,10),('JJJCTN8VPQ2786297','0.02',62.57,1492.98,18),('4MXLVV84A6C633165','0.03',349.85,2466.59,18),('Y1DN8H2LGE6552424','0.03',129.52,2162.68,13),('OTU0G7AR2Y1800976','0.02',242.77,416.70,20),('M6J2KWLLUKW587077','0.02',169.96,5136.53,21),('2IFG4587RJD359460','0.03',186.76,5411.71,5),('4G1Z11HOQ3P797692','0.03',1473.87,5738.69,9),('U18BDQFC4ZV145556','0.02',49.77,1059.23,10),('5HJ7JGARQY7410384','0.03',217.35,2110.68,20),('KGXXM02N16Y917081','0.03',220.89,2707.32,14),('PFWLPE5OM20960896','0.03',99.27,132.36,16),('W65LU27EIAI574094','0.03',321.75,2642.37,20),('XZ0NAXD65PB590052','0.02',152.34,2469.67,7),('N7ZMWGACVJJ344732','0.03',278.08,393.34,19),('K0JT3JN6GHR755604','0.02',157.79,999.35,20),('EFWM866BVP1512173','0.02',338.23,3215.74,21),('8KJNJ10WXLA842695','0.03',101.59,3183.97,21),('MSCYTFN5DLQ797580','0.03',92.69,966.50,21),('YOIOCT8QVK8729970','0.03',44.66,1234.67,6),('V8TT1Z53XJ3351609','0.03',191.75,1483.72,10),('G05OT6PRY0O583244','0.02',64.61,2181.60,7),('3DGXA813LBG126575','0.02',142.02,2684.32,11),('S2HCFMZWQJY869785','0.03',126.07,835.64,17),('UE0HIIE583S680065','0.03',166.20,1386.46,11),('VX5ONWMXOWC092241','0.02',341.84,1782.80,15),('YB15CELIOAD030337','0.03',60.42,1784.27,8),('73MVKB63GMJ964569','0.03',592.32,789.76,9),('HKABMRUAW8E433308','0.03',297.32,438.63,12),('HRKE60F31H6918971','0.03',46.24,1792.37,11),('J5JOI16OKT3791181','0.03',46.31,811.50,8),('N6FVBAYEJGB798051','0.02',37.64,917.16,7);
/*!40000 ALTER TABLE `Loan` ENABLE KEYS */;
UNLOCK TABLES;

--
-- Table structure for table `Manufacturer`
--

DROP TABLE IF EXISTS `Manufacturer`;
/*!40101 SET @saved_cs_client     = @@character_set_client */;
/*!40101 SET character_set_client = utf8 */;
CREATE TABLE `Manufacturer` (
  `mfg_id` int(11) NOT NULL AUTO_INCREMENT,
  `mfg_name` varchar(50) COLLATE utf8mb4_general_ci NOT NULL,
  PRIMARY KEY (`mfg_id`),
  UNIQUE KEY `mfg_name` (`mfg_name`)
) ENGINE=InnoDB AUTO_INCREMENT=43 DEFAULT CHARSET=utf8mb4 COLLATE=utf8mb4_general_ci;
/*!40101 SET character_set_client = @saved_cs_client */;

--
-- Dumping data for table `Manufacturer`
--

LOCK TABLES `Manufacturer` WRITE;
/*!40000 ALTER TABLE `Manufacturer` DISABLE KEYS */;
INSERT INTO `Manufacturer` VALUES (36,'Acura'),(4,'Alfa Romeo'),(42,'Aston Martin'),(27,'Audi'),(6,'Bentley'),(31,'BMW'),(7,'Buick'),(39,'Cadillac'),(9,'Chevrolet'),(22,'Chrysler'),(21,'Dodge'),(25,'Ferrari'),(5,'FIAT'),(1,'Ford'),(11,'Freightliner'),(12,'GMC'),(26,'Honda'),(24,'Hyundai'),(8,'INFINITI'),(17,'Jaguar'),(29,'Jeep'),(37,'Kia'),(14,'Lamborghini'),(30,'Land Rover'),(2,'Lexus'),(35,'Lincoln'),(15,'Lotus'),(23,'Maserati'),(13,'MAZDA'),(18,'McLaren'),(28,'Mercedes-Benz'),(20,'MINI'),(19,'Mitsubishi'),(33,'Nissan'),(10,'Porsche'),(32,'Ram'),(16,'smart'),(38,'Subaru'),(3,'Tesla'),(34,'Toyota'),(40,'Volkswagen'),(41,'Volvo');
/*!40000 ALTER TABLE `Manufacturer` ENABLE KEYS */;
UNLOCK TABLES;

--
-- Table structure for table `Part`
--

DROP TABLE IF EXISTS `Part`;
/*!40101 SET @saved_cs_client     = @@character_set_client */;
/*!40101 SET character_set_client = utf8 */;
CREATE TABLE `Part` (
  `part_num` varchar(20) COLLATE utf8mb4_general_ci NOT NULL,
  `description` text COLLATE utf8mb4_general_ci,
  PRIMARY KEY (`part_num`)
) ENGINE=InnoDB DEFAULT CHARSET=utf8mb4 COLLATE=utf8mb4_general_ci;
/*!40101 SET character_set_client = @saved_cs_client */;

--
-- Dumping data for table `Part`
--

LOCK TABLES `Part` WRITE;
/*!40000 ALTER TABLE `Part` DISABLE KEYS */;
INSERT INTO `Part` VALUES ('BX-10141','Fuse Box: The Alternative Tribute'),('BX-BAE0000','Bonnet/hood'),('BX-BAE0003','Exposed bumper'),('BX-BAE0005','Decklid'),('BX-BAE0010','Grille'),('BX-BAE0011','Pillar and hard trim'),('BX-BAE0015','Roof Rack'),('BX-BAE0016','Spoiler'),('BX-BAE0017','Front spoiler'),('BX-BAE0021','Valance'),('BX-BAED0023','Door beam and panel'),('BX-BAED0028','Door watershield'),('BX-BAEW0033','Glass'),('BX-EAEAD0041','Antenna assembly'),('BX-EAEAD0042','Antenna cable'),('BX-EAEAD0043','Radio and media player'),('BX-EAEAD0045','Speaker'),('BX-EAECS0048','Alternator'),('BX-EAEESS0055','Battery box'),('BX-EAEESS0056','Battery cable terminal'),('BX-EAEESS0057','Battery cable'),('BX-EAEESS0061','Voltage regulator'),('BX-EAEGAM0065','Fuel gauge'),('BX-EAEGAM0066','Hydrometer'),('BX-EAEGAM0069','Tachometer'),('BX-EAEGAM0072','Vacuum gauge'),('BX-EAEGAM0073','Voltmeter'),('BX-EAEGAM0074','Water temperature meter'),('BX-EAEIS0080','Ignition coil parts'),('BX-EAELASS0085','Halogen'),('BX-EAELASS0087','Headlight motor'),('BX-EAELASS0090','Side lighting'),('BX-EAELASS0091','Tail light'),('BX-EAEM0132','Air bag control module'),('BX-EAEM0137','Door contact'),('BX-EAEM0138','Engine computer and management system'),('BX-EAEM0142','Performance chip'),('BX-EAEM0143','Performance Monitor'),('BX-EAEM0144','Relay connector'),('BX-EAEM0146','Shift improver'),('BX-EAES0095','Camshaft position sensor'),('BX-EAES0096','Crankshaft position sensor'),('BX-EAES0101','Manifold absolute pressure sensor'),('BX-EAES0103','Power-steering pressure sensor'),('BX-EAES0106','Rotational sensor'),('BX-EAES0114','ABS sensor'),('BX-EAES0121','Ignition Switch'),('BX-EAES0125','Switch panel'),('BX-EAESS0115','Starter'),('BX-EAEWH0128','Air conditioning harness'),('BX-EAEWH0129','Engine compartment harness'),('BX-EAEWH0130','Interior harness'),('BX-EAEWH0131','Underfloor harness'),('BX-ICS0153','Armrest'),('BX-ICS0157','Fastener'),('BX-ICS0160','Seat bracket'),('BX-PACBS0163','Anti-lock braking system'),('BX-PACBS0168','Brake backing plate'),('BX-PACBS0174','Brake pad'),('BX-PACBS0179','Brake rotor'),('BX-PACBS0181','Brake shoe'),('BX-PACBS0182','Brake lining'),('BX-PACBS0186','Caliper'),('BX-PACBS0188','Dual circuit brake system'),('BX-PACBS0194','Hydraulic booster unit'),('BX-PACBS0197','Metering valve'),('DN-10141','Fuse Box: The Alternative Tribute'),('DN-BAE0000','Bonnet/hood'),('DN-BAE0009','Front fascia and header panel'),('DN-BAE0011','Pillar and hard trim'),('DN-BAE0014','Rocker panel'),('DN-BAE0022','Welded assembly'),('DN-BAED0023','Door beam and panel'),('DN-BAED0025','Inner door handle'),('DN-BAED0026','Door control module'),('DN-BAED0029','Hinge'),('DN-BAEW0033','Glass'),('DN-BAEW0037','Window regulator'),('DN-BAEW0039','Windshield washer motor'),('DN-BAEW0040','Window seal'),('DN-EAEAD0043','Radio and media player'),('DN-EAEAD0046','Tuner'),('DN-EAECS0048','Alternator'),('DN-EAECS0051','Alternator fan'),('DN-EAECS0052','Other alternator parts'),('DN-EAEESS0059','Battery plate'),('DN-EAEGAM0062','Ammeter'),('DN-EAEGAM0066','Hydrometer'),('DN-EAEGAM0071','Tire pressure gauge'),('DN-EAEGAM0072','Vacuum gauge'),('DN-EAEIS0077','Electronic timing controller'),('DN-EAEIS0081','Ignition controller'),('DN-EAELASS0084','Fog Light'),('DN-EAELASS0085','Halogen'),('DN-EAELASS0086','Headlight'),('DN-EAELASS0088','Interior light and lamp'),('DN-EAELASS0089','License plate lamp'),('DN-EAELASS0091','Tail light'),('DN-EAEM0134','Central locking system'),('DN-EAEM0149','Transmission computer'),('DN-EAES0094','Anti-pinch sensor'),('DN-EAES0099','Knock sensor'),('DN-EAES0102','Oxygen sensor'),('DN-EAES0104','Pressure sensor'),('DN-EAES0105','Rain sensor'),('DN-EAES0106','Rotational sensor'),('DN-EAES0108','Transmission input and output sensor'),('DN-EAES0109','ABS brack sensor'),('DN-EAES0110','TDC sensor'),('DN-EAES0114','ABS sensor'),('DN-EAES0122','Power window switch'),('DN-EAES0124','Switch cover'),('DN-EAES0125','Switch panel'),('DN-EAESS0115','Starter'),('DN-EAESS0118','Starter solenoid'),('DN-ICS0155','Bucket Seat'),('DN-ICS0161','Seat cover'),('DN-PACBS0163','Anti-lock braking system'),('DN-PACBS0165','Adjusting mechanism'),('DN-PACBS0166','Anchor'),('DN-PACBS0174','Brake pad'),('DN-PACBS0176','Brake piston'),('DN-PACBS0177','Brake pump'),('DN-PACBS0179','Brake rotor'),('DN-PACBS0181','Brake shoe'),('DN-PACBS0182','Brake lining'),('DN-PACBS0185','Calibrated friction brake'),('DN-PACBS0186','Caliper'),('DN-PACBS0189','Hold-down springs'),('DN-PACBS0190','Hose'),('DN-PACBS0192','Air brake nylon hose'),('DN-PACBS0193','Brake duct hose'),('DN-PACBS0195','Load-sensing valve'),('DN-PACBS0197','Metering valve'),('DN-PACBS0198','Other braking system parts'),('FH-BAE0000','Bonnet/hood'),('FH-BAE0001','Bumper'),('FH-BAE0006','Fascia rear and support'),('FH-BAE0007','Fender Musical Instruments Corporation'),('FH-BAE0008','Front clip'),('FH-BAE0009','Front fascia and header panel'),('FH-BAE0011','Pillar and hard trim'),('FH-BAE0014','Rocker panel'),('FH-BAE0015','Roof Rack'),('FH-BAE0020','Trunk'),('FH-BAE0021','Valance'),('FH-BAE0022','Welded assembly'),('FH-BAED0024','Outer door handle'),('FH-BAED0030','Door and bonnet'),('FH-BAEW0033','Glass'),('FH-BAEW0035','Sunroof motor'),('FH-BAEW0040','Window seal'),('FH-EAEAD0045','Speaker'),('FH-EAEAD0047','Subwoofer'),('FH-EAECS0048','Alternator'),('FH-EAECS0051','Alternator fan'),('FH-EAEESS0055','Battery box'),('FH-EAEESS0059','Battery plate'),('FH-EAEESS0061','Voltage regulator'),('FH-EAEGAM0062','Ammeter'),('FH-EAEGAM0064','Dynamometer'),('FH-EAEGAM0067','Odometer'),('FH-EAEGAM0069','Tachometer'),('FH-EAEGAM0070','Temperature gauge'),('FH-EAEGAM0072','Vacuum gauge'),('FH-EAEGAM0074','Water temperature meter'),('FH-EAEIS0075','Coil wire'),('FH-EAEIS0078','Ignition box'),('FH-EAEIS0079','Ignition Coil'),('FH-EAEIS0080','Ignition coil parts'),('FH-EAELASS0083','Engine bay lighting'),('FH-EAELASS0086','Headlight'),('FH-EAELASS0091','Tail light'),('FH-EAEM0135','Chassis control computer'),('FH-EAEM0136','Cruise control computer'),('FH-EAEM0137','Door contact'),('FH-EAEM0138','Engine computer and management system'),('FH-EAEM0143','Performance Monitor'),('FH-EAEM0146','Shift improver'),('FH-EAEM0147','Speed controller'),('FH-EAEM0149','Transmission computer'),('FH-EAEM0150','Wiring connector'),('FH-EAES0093','Airbag sensor'),('FH-EAES0095','Camshaft position sensor'),('FH-EAES0096','Crankshaft position sensor'),('FH-EAES0100','Light sensor'),('FH-EAES0103','Power-steering pressure sensor'),('FH-EAES0104','Pressure sensor'),('FH-EAES0106','Rotational sensor'),('FH-EAES0113','Oil level sensor'),('FH-EAES0122','Power window switch'),('FH-EAES0123','Steering column switch'),('FH-EAES0126','Thermostat'),('FH-EAESS0116','Starter drive'),('FH-EAESS0119','Spark Plug'),('FH-EAEWH0129','Engine compartment harness'),('FH-ICS0153','Armrest'),('FH-ICS0155','Bucket Seat'),('FH-ICS0161','Seat cover'),('FH-IFCAP0151','Carpet and other floor material'),('FH-PACBS0164','ABS steel pin'),('FH-PACBS0167','Bleed nipple'),('FH-PACBS0172','Brake drum'),('FH-PACBS0175','Brake pedal'),('FH-PACBS0177','Brake pump'),('FH-PACBS0185','Calibrated friction brake'),('FH-PACBS0187','Combination valve'),('FH-PACBS0190','Hose'),('FH-PACBS0191','Brake booster hose'),('FH-PACBS0193','Brake duct hose'),('FH-PACBS0194','Hydraulic booster unit'),('FH-PACBS0198','Other braking system parts'),('GT-BAE0000','Bonnet/hood'),('GT-BAE0002','Unexposed bumper'),('GT-BAE0004','Cowl screen'),('GT-BAE0006','Fascia rear and support'),('GT-BAE0008','Front clip'),('GT-BAE0010','Grille'),('GT-BAE0011','Pillar and hard trim'),('GT-BAE0016','Spoiler'),('GT-BAE0018','Rear spoiler'),('GT-BAE0019','Trim package'),('GT-BAE0020','Trunk'),('GT-BAE0021','Valance'),('GT-BAED0023','Door beam and panel'),('GT-BAED0026','Door control module'),('GT-BAED0028','Door watershield'),('GT-BAEW0040','Window seal'),('GT-EAECS0048','Alternator'),('GT-EAEESS0057','Battery cable'),('GT-EAEESS0058','Battery control system'),('GT-EAEGAM0065','Fuel gauge'),('GT-EAEGAM0070','Temperature gauge'),('GT-EAEGAM0073','Voltmeter'),('GT-EAEGAM0074','Water temperature meter'),('GT-EAEIS0077','Electronic timing controller'),('GT-EAEIS0078','Ignition box'),('GT-EAEIS0079','Ignition Coil'),('GT-EAELASS0087','Headlight motor'),('GT-EAELASS0092','Tail light cover'),('GT-EAEM0134','Central locking system'),('GT-EAEM0140','Fuse'),('GT-EAEM0142','Performance chip'),('GT-EAEM0146','Shift improver'),('GT-EAES0094','Anti-pinch sensor'),('GT-EAES0100','Light sensor'),('GT-EAES0102','Oxygen sensor'),('GT-EAES0108','Transmission input and output sensor'),('GT-EAES0110','TDC sensor'),('GT-EAESS0115','Starter'),('GT-EAESS0118','Starter solenoid'),('GT-EAEWH0129','Engine compartment harness'),('GT-EAEWH0131','Underfloor harness'),('GT-ICS0157','Fastener'),('GT-ICS0159','Seat Belt'),('GT-IFCAP0151','Carpet and other floor material'),('GT-IFCAP0152','Center console'),('GT-PACBS0163','Anti-lock braking system'),('GT-PACBS0166','Anchor'),('GT-PACBS0174','Brake pad'),('GT-PACBS0175','Brake pedal'),('GT-PACBS0179','Brake rotor'),('GT-PACBS0185','Calibrated friction brake'),('GT-PACBS0187','Combination valve'),('GT-PACBS0188','Dual circuit brake system'),('GT-PACBS0189','Hold-down springs'),('GT-PACBS0190','Hose'),('GT-PACBS0191','Brake booster hose'),('GT-PACBS0195','Load-sensing valve'),('HI-10141','Fuse Box: The Alternative Tribute'),('HI-BAE0002','Unexposed bumper'),('HI-BAE0006','Fascia rear and support'),('HI-BAE0007','Fender Musical Instruments Corporation'),('HI-BAE0008','Front clip'),('HI-BAE0013','Radiator core support'),('HI-BAE0015','Roof Rack'),('HI-BAE0018','Rear spoiler'),('HI-BAE0020','Trunk'),('HI-BAE0021','Valance'),('HI-BAED0026','Door control module'),('HI-BAEW0035','Sunroof motor'),('HI-BAEW0040','Window seal'),('HI-EAEAD0042','Antenna cable'),('HI-EAECS0048','Alternator'),('HI-EAECS0049','Alternator bearing'),('HI-EAECS0052','Other alternator parts'),('HI-EAEESS0053','Battery'),('HI-EAEESS0055','Battery box'),('HI-EAEGAM0063','Clinometer'),('HI-EAEGAM0065','Fuel gauge'),('HI-EAEGAM0066','Hydrometer'),('HI-EAEGAM0070','Temperature gauge'),('HI-EAEGAM0073','Voltmeter'),('HI-EAEGAM0074','Water temperature meter'),('HI-EAEIS0077','Electronic timing controller'),('HI-EAEIS0078','Ignition box'),('HI-EAEIS0080','Ignition coil parts'),('HI-EAELASS0083','Engine bay lighting'),('HI-EAELASS0085','Halogen'),('HI-EAELASS0086','Headlight'),('HI-EAELASS0087','Headlight motor'),('HI-EAELASS0089','License plate lamp'),('HI-EAELASS0090','Side lighting'),('HI-EAELASS0091','Tail light'),('HI-EAEM0133','Alarm and siren'),('HI-EAEM0144','Relay connector'),('HI-EAEM0145','Remote lock'),('HI-EAEM0147','Speed controller'),('HI-EAEM0149','Transmission computer'),('HI-EAES0093','Airbag sensor'),('HI-EAES0094','Anti-pinch sensor'),('HI-EAES0096','Crankshaft position sensor'),('HI-EAES0100','Light sensor'),('HI-EAES0105','Rain sensor'),('HI-EAES0106','Rotational sensor'),('HI-EAES0109','ABS brack sensor'),('HI-EAES0121','Ignition Switch'),('HI-EAES0122','Power window switch'),('HI-EAES0124','Switch cover'),('HI-EAES0126','Thermostat'),('HI-EAES0127','Frame Switch'),('HI-EAESS0115','Starter'),('HI-EAEWH0128','Air conditioning harness'),('HI-EAEWH0129','Engine compartment harness'),('HI-ICS0155','Bucket Seat'),('HI-ICS0156','Children and baby car seat'),('HI-ICS0157','Fastener'),('HI-ICS0158','Headrest'),('HI-ICS0160','Seat bracket'),('HI-IFCAP0151','Carpet and other floor material'),('HI-PACBS0164','ABS steel pin'),('HI-PACBS0165','Adjusting mechanism'),('HI-PACBS0166','Anchor'),('HI-PACBS0168','Brake backing plate'),('HI-PACBS0169','Brake backing pad'),('HI-PACBS0170','Brake cooling duct'),('HI-PACBS0172','Brake drum'),('HI-PACBS0173','Brake line'),('HI-PACBS0177','Brake pump'),('HI-PACBS0179','Brake rotor'),('HI-PACBS0180','Brake servo'),('HI-PACBS0181','Brake shoe'),('HI-PACBS0185','Calibrated friction brake'),('HI-PACBS0189','Hold-down springs'),('HI-PACBS0190','Hose'),('HI-PACBS0191','Brake booster hose'),('HI-PACBS0192','Air brake nylon hose'),('KS-10141','Fuse Box: The Alternative Tribute'),('KS-BAE0007','Fender Musical Instruments Corporation'),('KS-BAE0009','Front fascia and header panel'),('KS-BAE0010','Grille'),('KS-BAE0011','Pillar and hard trim'),('KS-BAE0012','Quarter panel'),('KS-BAE0016','Spoiler'),('KS-BAE0017','Front spoiler'),('KS-BAE0021','Valance'),('KS-BAED0026','Door control module'),('KS-BAED0027','Door seal'),('KS-BAED0029','Hinge'),('KS-BAED0030','Door and bonnet'),('KS-BAED0031','Lock'),('KS-BAEW0037','Window regulator'),('KS-BAEW0040','Window seal'),('KS-EAEAD0041','Antenna assembly'),('KS-EAEAD0046','Tuner'),('KS-EAEESS0053','Battery'),('KS-EAEESS0054','Performance battery'),('KS-EAEESS0056','Battery cable terminal'),('KS-EAEESS0057','Battery cable'),('KS-EAEESS0059','Battery plate'),('KS-EAEGAM0063','Clinometer'),('KS-EAEGAM0064','Dynamometer'),('KS-EAEGAM0066','Hydrometer'),('KS-EAEGAM0069','Tachometer'),('KS-EAEIS0077','Electronic timing controller'),('KS-EAEIS0078','Ignition box'),('KS-EAEIS0082','Magneto'),('KS-EAELASS0085','Halogen'),('KS-EAELASS0087','Headlight motor'),('KS-EAELASS0089','License plate lamp'),('KS-EAELASS0090','Side lighting'),('KS-EAEM0134','Central locking system'),('KS-EAEM0135','Chassis control computer'),('KS-EAEM0139','Engine control unit'),('KS-EAEM0140','Fuse'),('KS-EAEM0143','Performance Monitor'),('KS-EAEM0145','Remote lock'),('KS-EAEM0146','Shift improver'),('KS-EAEM0148','Speedometer calibrator'),('KS-EAES0093','Airbag sensor'),('KS-EAES0094','Anti-pinch sensor'),('KS-EAES0095','Camshaft position sensor'),('KS-EAES0097','Engine sensor'),('KS-EAES0099','Knock sensor'),('KS-EAES0100','Light sensor'),('KS-EAES0101','Manifold absolute pressure sensor'),('KS-EAES0103','Power-steering pressure sensor'),('KS-EAES0104','Pressure sensor'),('KS-EAES0105','Rain sensor'),('KS-EAES0108','Transmission input and output sensor'),('KS-EAES0113','Oil level sensor'),('KS-EAES0122','Power window switch'),('KS-EAES0124','Switch cover'),('KS-EAES0125','Switch panel'),('KS-EAES0126','Thermostat'),('KS-EAESS0116','Starter drive'),('KS-EAESS0117','Starter Motor'),('KS-EAESS0118','Starter solenoid'),('KS-EAESS0119','Spark Plug'),('KS-EAEWH0129','Engine compartment harness'),('KS-EAEWH0131','Underfloor harness'),('KS-ICS0156','Children and baby car seat'),('KS-ICS0157','Fastener'),('KS-ICS0159','Seat Belt'),('KS-ICS0160','Seat bracket'),('KS-ICS0161','Seat cover'),('KS-ICS0162','Seat track'),('KS-IFCAP0152','Center console'),('KS-PACBS0163','Anti-lock braking system'),('KS-PACBS0166','Anchor'),('KS-PACBS0168','Brake backing plate'),('KS-PACBS0169','Brake backing pad'),('KS-PACBS0171','Brake disc'),('KS-PACBS0172','Brake drum'),('KS-PACBS0173','Brake line'),('KS-PACBS0176','Brake piston'),('KS-PACBS0177','Brake pump'),('KS-PACBS0182','Brake lining'),('KS-PACBS0187','Combination valve'),('KS-PACBS0189','Hold-down springs'),('KS-PACBS0196','Master Cylinder'),('KS-PACBS0198','Other braking system parts'),('MH-BAE0001','Bumper'),('MH-BAE0002','Unexposed bumper'),('MH-BAE0007','Fender Musical Instruments Corporation'),('MH-BAE0008','Front clip'),('MH-BAE0010','Grille'),('MH-BAE0015','Roof Rack'),('MH-BAE0017','Front spoiler'),('MH-BAE0022','Welded assembly'),('MH-BAED0023','Door beam and panel'),('MH-BAED0024','Outer door handle'),('MH-BAED0029','Hinge'),('MH-BAEW0033','Glass'),('MH-BAEW0039','Windshield washer motor'),('MH-EAEAD0041','Antenna assembly'),('MH-EAEAD0044','Other devices'),('MH-EAECS0049','Alternator bearing'),('MH-EAEESS0053','Battery'),('MH-EAEESS0055','Battery box'),('MH-EAEESS0056','Battery cable terminal'),('MH-EAEESS0058','Battery control system'),('MH-EAEGAM0064','Dynamometer'),('MH-EAEGAM0068','Speedometer'),('MH-EAEGAM0069','Tachometer'),('MH-EAEGAM0070','Temperature gauge'),('MH-EAEIS0075','Coil wire'),('MH-EAEIS0077','Electronic timing controller'),('MH-EAEIS0079','Ignition Coil'),('MH-EAEIS0082','Magneto'),('MH-EAELASS0091','Tail light'),('MH-EAEM0132','Air bag control module'),('MH-EAEM0133','Alarm and siren'),('MH-EAEM0137','Door contact'),('MH-EAEM0138','Engine computer and management system'),('MH-EAEM0147','Speed controller'),('MH-EAEM0149','Transmission computer'),('MH-EAEM0150','Wiring connector'),('MH-EAES0098','Fuel level sensor'),('MH-EAES0100','Light sensor'),('MH-EAES0102','Oxygen sensor'),('MH-EAES0104','Pressure sensor'),('MH-EAES0107','Temperature sensor'),('MH-EAES0109','ABS brack sensor'),('MH-EAES0112','IMA sensor'),('MH-EAES0122','Power window switch'),('MH-EAES0125','Switch panel'),('MH-EAES0127','Frame Switch'),('MH-EAESS0118','Starter solenoid'),('MH-EAEWH0129','Engine compartment harness'),('MH-EAEWH0131','Underfloor harness'),('MH-ICS0153','Armrest'),('MH-ICS0155','Bucket Seat'),('MH-ICS0158','Headrest'),('MH-PACBS0165','Adjusting mechanism'),('MH-PACBS0166','Anchor'),('MH-PACBS0168','Brake backing plate'),('MH-PACBS0169','Brake backing pad'),('MH-PACBS0171','Brake disc'),('MH-PACBS0174','Brake pad'),('MH-PACBS0175','Brake pedal'),('MH-PACBS0177','Brake pump'),('MH-PACBS0178','Brake roll'),('MH-PACBS0181','Brake shoe'),('MH-PACBS0184','Brake warning light'),('MH-PACBS0185','Calibrated friction brake'),('MH-PACBS0186','Caliper'),('MH-PACBS0187','Combination valve'),('MH-PACBS0191','Brake booster hose'),('MH-PACBS0192','Air brake nylon hose'),('MH-PACBS0196','Master Cylinder'),('OA-10141','Fuse Box: The Alternative Tribute'),('OA-BAE0004','Cowl screen'),('OA-BAE0007','Fender Musical Instruments Corporation'),('OA-BAE0011','Pillar and hard trim'),('OA-BAE0012','Quarter panel'),('OA-BAE0013','Radiator core support'),('OA-BAE0014','Rocker panel'),('OA-BAE0020','Trunk'),('OA-BAE0021','Valance'),('OA-BAE0022','Welded assembly'),('OA-BAED0025','Inner door handle'),('OA-BAED0031','Lock'),('OA-BAEW0036','Window motor'),('OA-BAEW0040','Window seal'),('OA-EAEAD0043','Radio and media player'),('OA-EAEAD0045','Speaker'),('OA-EAEAD0046','Tuner'),('OA-EAECS0048','Alternator'),('OA-EAEESS0053','Battery'),('OA-EAEESS0055','Battery box'),('OA-EAEESS0056','Battery cable terminal'),('OA-EAEESS0059','Battery plate'),('OA-EAEESS0061','Voltage regulator'),('OA-EAEGAM0066','Hydrometer'),('OA-EAEGAM0068','Speedometer'),('OA-EAEGAM0072','Vacuum gauge'),('OA-EAEIS0075','Coil wire'),('OA-EAEIS0076','Distributor'),('OA-EAEIS0077','Electronic timing controller'),('OA-EAEIS0078','Ignition box'),('OA-EAELASS0085','Halogen'),('OA-EAELASS0086','Headlight'),('OA-EAELASS0089','License plate lamp'),('OA-EAELASS0091','Tail light'),('OA-EAEM0132','Air bag control module'),('OA-EAEM0133','Alarm and siren'),('OA-EAEM0134','Central locking system'),('OA-EAEM0135','Chassis control computer'),('OA-EAEM0137','Door contact'),('OA-EAEM0142','Performance chip'),('OA-EAEM0144','Relay connector'),('OA-EAEM0147','Speed controller'),('OA-EAEM0149','Transmission computer'),('OA-EAES0095','Camshaft position sensor'),('OA-EAES0096','Crankshaft position sensor'),('OA-EAES0100','Light sensor'),('OA-EAES0102','Oxygen sensor'),('OA-EAES0107','Temperature sensor'),('OA-EAES0110','TDC sensor'),('OA-EAES0113','Oil level sensor'),('OA-EAES0123','Steering column switch'),('OA-EAES0126','Thermostat'),('OA-EAESS0115','Starter'),('OA-EAESS0119','Spark Plug'),('OA-EAEWH0129','Engine compartment harness'),('OA-EAEWH0131','Underfloor harness'),('OA-ICS0154','Bench Seat'),('OA-ICS0155','Bucket Seat'),('OA-ICS0156','Children and baby car seat'),('OA-ICS0162','Seat track'),('OA-IFCAP0151','Carpet and other floor material'),('OA-IFCAP0152','Center console'),('OA-PACBS0163','Anti-lock braking system'),('OA-PACBS0167','Bleed nipple'),('OA-PACBS0168','Brake backing plate'),('OA-PACBS0174','Brake pad'),('OA-PACBS0175','Brake pedal'),('OA-PACBS0184','Brake warning light'),('OA-PACBS0186','Caliper'),('OA-PACBS0189','Hold-down springs'),('OA-PACBS0190','Hose'),('OA-PACBS0192','Air brake nylon hose'),('OA-PACBS0193','Brake duct hose'),('OE-10141','Fuse Box: The Alternative Tribute'),('OE-BAE0003','Exposed bumper'),('OE-BAE0005','Decklid'),('OE-BAE0006','Fascia rear and support'),('OE-BAE0010','Grille'),('OE-BAE0014','Rocker panel'),('OE-BAE0017','Front spoiler'),('OE-BAE0018','Rear spoiler'),('OE-BAE0019','Trim package'),('OE-BAED0023','Door beam and panel'),('OE-BAED0024','Outer door handle'),('OE-BAED0025','Inner door handle'),('OE-BAED0030','Door and bonnet'),('OE-BAED0031','Lock'),('OE-BAEW0035','Sunroof motor'),('OE-BAEW0037','Window regulator'),('OE-BAEW0038','Windshield'),('OE-BAEW0039','Windshield washer motor'),('OE-BAEW0040','Window seal'),('OE-EAEAD0044','Other devices'),('OE-EAEAD0045','Speaker'),('OE-EAEAD0047','Subwoofer'),('OE-EAECS0050','Alternator bracket'),('OE-EAEESS0057','Battery cable'),('OE-EAEESS0059','Battery plate'),('OE-EAEESS0060','Battery tray'),('OE-EAEGAM0062','Ammeter'),('OE-EAEGAM0069','Tachometer'),('OE-EAEGAM0071','Tire pressure gauge'),('OE-EAEGAM0072','Vacuum gauge'),('OE-EAEIS0075','Coil wire'),('OE-EAEIS0077','Electronic timing controller'),('OE-EAEIS0078','Ignition box'),('OE-EAEIS0081','Ignition controller'),('OE-EAEIS0082','Magneto'),('OE-EAELASS0086','Headlight'),('OE-EAELASS0088','Interior light and lamp'),('OE-EAELASS0090','Side lighting'),('OE-EAELASS0091','Tail light'),('OE-EAEM0133','Alarm and siren'),('OE-EAEM0135','Chassis control computer'),('OE-EAEM0136','Cruise control computer'),('OE-EAEM0137','Door contact'),('OE-EAEM0139','Engine control unit'),('OE-EAEM0144','Relay connector'),('OE-EAEM0147','Speed controller'),('OE-EAEM0148','Speedometer calibrator'),('OE-EAES0097','Engine sensor'),('OE-EAES0098','Fuel level sensor'),('OE-EAES0100','Light sensor'),('OE-EAES0102','Oxygen sensor'),('OE-EAES0103','Power-steering pressure sensor'),('OE-EAES0106','Rotational sensor'),('OE-EAES0109','ABS brack sensor'),('OE-EAES0110','TDC sensor'),('OE-EAES0113','Oil level sensor'),('OE-EAES0123','Steering column switch'),('OE-EAES0125','Switch panel'),('OE-EAESS0115','Starter'),('OE-EAESS0116','Starter drive'),('OE-EAESS0119','Spark Plug'),('OE-EAEWH0128','Air conditioning harness'),('OE-ICS0155','Bucket Seat'),('OE-ICS0156','Children and baby car seat'),('OE-ICS0162','Seat track'),('OE-PACBS0163','Anti-lock braking system'),('OE-PACBS0167','Bleed nipple'),('OE-PACBS0168','Brake backing plate'),('OE-PACBS0177','Brake pump'),('OE-PACBS0181','Brake shoe'),('OE-PACBS0184','Brake warning light'),('OE-PACBS0188','Dual circuit brake system'),('OE-PACBS0193','Brake duct hose'),('OE-PACBS0196','Master Cylinder'),('OE-PACBS0198','Other braking system parts'),('OH-BAE0000','Bonnet/hood'),('OH-BAE0006','Fascia rear and support'),('OH-BAE0012','Quarter panel'),('OH-BAE0018','Rear spoiler'),('OH-BAE0021','Valance'),('OH-BAED0023','Door beam and panel'),('OH-BAED0025','Inner door handle'),('OH-BAED0028','Door watershield'),('OH-BAEW0037','Window regulator'),('OH-EAEAD0041','Antenna assembly'),('OH-EAEAD0043','Radio and media player'),('OH-EAECS0048','Alternator'),('OH-EAECS0050','Alternator bracket'),('OH-EAEESS0053','Battery'),('OH-EAEESS0055','Battery box'),('OH-EAEESS0056','Battery cable terminal'),('OH-EAEESS0061','Voltage regulator'),('OH-EAEGAM0064','Dynamometer'),('OH-EAEGAM0069','Tachometer'),('OH-EAEIS0076','Distributor'),('OH-EAEIS0077','Electronic timing controller'),('OH-EAEIS0080','Ignition coil parts'),('OH-EAEIS0081','Ignition controller'),('OH-EAELASS0085','Halogen'),('OH-EAELASS0088','Interior light and lamp'),('OH-EAEM0135','Chassis control computer'),('OH-EAEM0137','Door contact'),('OH-EAEM0138','Engine computer and management system'),('OH-EAEM0139','Engine control unit'),('OH-EAEM0140','Fuse'),('OH-EAEM0147','Speed controller'),('OH-EAES0095','Camshaft position sensor'),('OH-EAES0096','Crankshaft position sensor'),('OH-EAES0098','Fuel level sensor'),('OH-EAES0101','Manifold absolute pressure sensor'),('OH-EAES0104','Pressure sensor'),('OH-EAES0107','Temperature sensor'),('OH-EAES0108','Transmission input and output sensor'),('OH-EAES0110','TDC sensor'),('OH-EAES0111','MAP sensor'),('OH-EAES0114','ABS sensor'),('OH-EAES0121','Ignition Switch'),('OH-EAES0122','Power window switch'),('OH-EAESS0119','Spark Plug'),('OH-EAEWH0131','Underfloor harness'),('OH-ICS0156','Children and baby car seat'),('OH-ICS0157','Fastener'),('OH-ICS0158','Headrest'),('OH-ICS0161','Seat cover'),('OH-ICS0162','Seat track'),('OH-PACBS0163','Anti-lock braking system'),('OH-PACBS0168','Brake backing plate'),('OH-PACBS0170','Brake cooling duct'),('OH-PACBS0174','Brake pad'),('OH-PACBS0178','Brake roll'),('OH-PACBS0180','Brake servo'),('OH-PACBS0184','Brake warning light'),('OH-PACBS0187','Combination valve'),('OH-PACBS0191','Brake booster hose'),('OH-PACBS0195','Load-sensing valve'),('OH-PACBS0196','Master Cylinder'),('PP-10141','Fuse Box: The Alternative Tribute'),('PP-BAE0000','Bonnet/hood'),('PP-BAE0001','Bumper'),('PP-BAE0002','Unexposed bumper'),('PP-BAE0003','Exposed bumper'),('PP-BAE0004','Cowl screen'),('PP-BAE0005','Decklid'),('PP-BAE0006','Fascia rear and support'),('PP-BAE0007','Fender Musical Instruments Corporation'),('PP-BAE0008','Front clip'),('PP-BAE0010','Grille'),('PP-BAE0014','Rocker panel'),('PP-BAE0015','Roof Rack'),('PP-BAE0022','Welded assembly'),('PP-BAED0028','Door watershield'),('PP-BAED0029','Hinge'),('PP-BAEW0037','Window regulator'),('PP-BAEW0038','Windshield'),('PP-BAEW0039','Windshield washer motor'),('PP-BAEW0040','Window seal'),('PP-EAEAD0043','Radio and media player'),('PP-EAEAD0045','Speaker'),('PP-EAEAD0047','Subwoofer'),('PP-EAECS0049','Alternator bearing'),('PP-EAEESS0059','Battery plate'),('PP-EAEGAM0065','Fuel gauge'),('PP-EAEGAM0067','Odometer'),('PP-EAEGAM0070','Temperature gauge'),('PP-EAEIS0082','Magneto'),('PP-EAELASS0084','Fog Light'),('PP-EAELASS0085','Halogen'),('PP-EAELASS0088','Interior light and lamp'),('PP-EAELASS0090','Side lighting'),('PP-EAELASS0092','Tail light cover'),('PP-EAEM0143','Performance Monitor'),('PP-EAEM0144','Relay connector'),('PP-EAEM0145','Remote lock'),('PP-EAEM0146','Shift improver'),('PP-EAEM0147','Speed controller'),('PP-EAES0094','Anti-pinch sensor'),('PP-EAES0096','Crankshaft position sensor'),('PP-EAES0098','Fuel level sensor'),('PP-EAES0102','Oxygen sensor'),('PP-EAES0104','Pressure sensor'),('PP-EAES0107','Temperature sensor'),('PP-EAES0120','Door switch'),('PP-EAES0123','Steering column switch'),('PP-EAES0125','Switch panel'),('PP-EAES0126','Thermostat'),('PP-EAEWH0128','Air conditioning harness'),('PP-EAEWH0130','Interior harness'),('PP-ICS0157','Fastener'),('PP-ICS0161','Seat cover'),('PP-ICS0162','Seat track'),('PP-IFCAP0151','Carpet and other floor material'),('PP-IFCAP0152','Center console'),('PP-PACBS0163','Anti-lock braking system'),('PP-PACBS0164','ABS steel pin'),('PP-PACBS0166','Anchor'),('PP-PACBS0173','Brake line'),('PP-PACBS0174','Brake pad'),('PP-PACBS0175','Brake pedal'),('PP-PACBS0176','Brake piston'),('PP-PACBS0180','Brake servo'),('PP-PACBS0184','Brake warning light'),('PP-PACBS0185','Calibrated friction brake'),('PP-PACBS0187','Combination valve'),('PP-PACBS0194','Hydraulic booster unit'),('PP-PACBS0195','Load-sensing valve'),('PP-PACBS0196','Master Cylinder'),('PP-PACBS0197','Metering valve'),('PP-PACBS0198','Other braking system parts'),('RN-10141','Fuse Box: The Alternative Tribute'),('RN-BAE0005','Decklid'),('RN-BAE0006','Fascia rear and support'),('RN-BAE0010','Grille'),('RN-BAE0012','Quarter panel'),('RN-BAE0017','Front spoiler'),('RN-BAED0025','Inner door handle'),('RN-BAEW0033','Glass'),('RN-BAEW0034','Sunroof'),('RN-BAEW0036','Window motor'),('RN-EAEAD0042','Antenna cable'),('RN-EAEAD0043','Radio and media player'),('RN-EAEESS0053','Battery'),('RN-EAEESS0054','Performance battery'),('RN-EAEESS0055','Battery box'),('RN-EAEGAM0063','Clinometer'),('RN-EAEGAM0067','Odometer'),('RN-EAEGAM0069','Tachometer'),('RN-EAEIS0076','Distributor'),('RN-EAEIS0080','Ignition coil parts'),('RN-EAEIS0082','Magneto'),('RN-EAELASS0084','Fog Light'),('RN-EAELASS0088','Interior light and lamp'),('RN-EAELASS0089','License plate lamp'),('RN-EAELASS0091','Tail light'),('RN-EAEM0140','Fuse'),('RN-EAEM0142','Performance chip'),('RN-EAEM0143','Performance Monitor'),('RN-EAEM0146','Shift improver'),('RN-EAEM0148','Speedometer calibrator'),('RN-EAES0094','Anti-pinch sensor'),('RN-EAES0095','Camshaft position sensor'),('RN-EAES0096','Crankshaft position sensor'),('RN-EAES0100','Light sensor'),('RN-EAES0107','Temperature sensor'),('RN-EAES0109','ABS brack sensor'),('RN-EAES0111','MAP sensor'),('RN-EAES0112','IMA sensor'),('RN-EAES0114','ABS sensor'),('RN-EAES0120','Door switch'),('RN-EAES0125','Switch panel'),('RN-EAES0127','Frame Switch'),('RN-EAEWH0129','Engine compartment harness'),('RN-EAEWH0130','Interior harness'),('RN-ICS0155','Bucket Seat'),('RN-ICS0156','Children and baby car seat'),('RN-ICS0159','Seat Belt'),('RN-ICS0160','Seat bracket'),('RN-ICS0161','Seat cover'),('RN-PACBS0164','ABS steel pin'),('RN-PACBS0167','Bleed nipple'),('RN-PACBS0168','Brake backing plate'),('RN-PACBS0169','Brake backing pad'),('RN-PACBS0172','Brake drum'),('RN-PACBS0175','Brake pedal'),('RN-PACBS0176','Brake piston'),('RN-PACBS0181','Brake shoe'),('RN-PACBS0183','Shoe web'),('RN-PACBS0186','Caliper'),('RN-PACBS0188','Dual circuit brake system'),('RN-PACBS0191','Brake booster hose'),('RN-PACBS0192','Air brake nylon hose'),('RN-PACBS0195','Load-sensing valve'),('RN-PACBS0197','Metering valve'),('SE-BAE0002','Unexposed bumper'),('SE-BAE0004','Cowl screen'),('SE-BAE0005','Decklid'),('SE-BAE0011','Pillar and hard trim'),('SE-BAE0012','Quarter panel'),('SE-BAE0015','Roof Rack'),('SE-BAE0019','Trim package'),('SE-BAED0032','Centre Locking'),('SE-BAEW0040','Window seal'),('SE-EAECS0049','Alternator bearing'),('SE-EAECS0051','Alternator fan'),('SE-EAEESS0058','Battery control system'),('SE-EAEESS0060','Battery tray'),('SE-EAEGAM0062','Ammeter'),('SE-EAEGAM0064','Dynamometer'),('SE-EAEGAM0065','Fuel gauge'),('SE-EAEGAM0066','Hydrometer'),('SE-EAEGAM0068','Speedometer'),('SE-EAEGAM0069','Tachometer'),('SE-EAEGAM0073','Voltmeter'),('SE-EAEGAM0074','Water temperature meter'),('SE-EAEIS0075','Coil wire'),('SE-EAEIS0079','Ignition Coil'),('SE-EAELASS0083','Engine bay lighting'),('SE-EAELASS0085','Halogen'),('SE-EAELASS0086','Headlight'),('SE-EAEM0133','Alarm and siren'),('SE-EAEM0134','Central locking system'),('SE-EAEM0139','Engine control unit'),('SE-EAEM0147','Speed controller'),('SE-EAEM0149','Transmission computer'),('SE-EAEM0150','Wiring connector'),('SE-EAES0094','Anti-pinch sensor'),('SE-EAES0096','Crankshaft position sensor'),('SE-EAES0101','Manifold absolute pressure sensor'),('SE-EAES0102','Oxygen sensor'),('SE-EAES0106','Rotational sensor'),('SE-EAES0120','Door switch'),('SE-EAES0124','Switch cover'),('SE-EAES0125','Switch panel'),('SE-EAES0126','Thermostat'),('SE-EAESS0117','Starter Motor'),('SE-EAESS0119','Spark Plug'),('SE-ICS0154','Bench Seat'),('SE-ICS0156','Children and baby car seat'),('SE-ICS0162','Seat track'),('SE-PACBS0167','Bleed nipple'),('SE-PACBS0168','Brake backing plate'),('SE-PACBS0172','Brake drum'),('SE-PACBS0173','Brake line'),('SE-PACBS0177','Brake pump'),('SE-PACBS0178','Brake roll'),('SE-PACBS0183','Shoe web'),('SE-PACBS0186','Caliper'),('SE-PACBS0189','Hold-down springs'),('SE-PACBS0192','Air brake nylon hose'),('SE-PACBS0193','Brake duct hose'),('SE-PACBS0196','Master Cylinder'),('SE-PACBS0197','Metering valve'),('SE-PACBS0198','Other braking system parts'),('SO-BAE0000','Bonnet/hood'),('SO-BAE0006','Fascia rear and support'),('SO-BAE0012','Quarter panel'),('SO-BAE0015','Roof Rack'),('SO-BAE0016','Spoiler'),('SO-BAE0017','Front spoiler'),('SO-BAE0022','Welded assembly'),('SO-BAED0023','Door beam and panel'),('SO-BAED0026','Door control module'),('SO-BAED0027','Door seal'),('SO-BAED0030','Door and bonnet'),('SO-BAEW0034','Sunroof'),('SO-EAEAD0044','Other devices'),('SO-EAEAD0046','Tuner'),('SO-EAEAD0047','Subwoofer'),('SO-EAECS0052','Other alternator parts'),('SO-EAEESS0058','Battery control system'),('SO-EAEESS0060','Battery tray'),('SO-EAEGAM0065','Fuel gauge'),('SO-EAEGAM0066','Hydrometer'),('SO-EAEGAM0067','Odometer'),('SO-EAEGAM0069','Tachometer'),('SO-EAEGAM0071','Tire pressure gauge'),('SO-EAEIS0079','Ignition Coil'),('SO-EAELASS0085','Halogen'),('SO-EAELASS0089','License plate lamp'),('SO-EAELASS0090','Side lighting'),('SO-EAEM0132','Air bag control module'),('SO-EAEM0135','Chassis control computer'),('SO-EAEM0137','Door contact'),('SO-EAEM0139','Engine control unit'),('SO-EAEM0148','Speedometer calibrator'),('SO-EAEM0149','Transmission computer'),('SO-EAES0093','Airbag sensor'),('SO-EAES0095','Camshaft position sensor'),('SO-EAES0101','Manifold absolute pressure sensor'),('SO-EAES0103','Power-steering pressure sensor'),('SO-EAES0105','Rain sensor'),('SO-EAES0106','Rotational sensor'),('SO-EAES0109','ABS brack sensor'),('SO-EAES0110','TDC sensor'),('SO-EAES0112','IMA sensor'),('SO-EAES0120','Door switch'),('SO-EAES0123','Steering column switch'),('SO-EAES0125','Switch panel'),('SO-EAES0126','Thermostat'),('SO-EAESS0116','Starter drive'),('SO-EAESS0119','Spark Plug'),('SO-EAEWH0128','Air conditioning harness'),('SO-EAEWH0130','Interior harness'),('SO-EAEWH0131','Underfloor harness'),('SO-ICS0155','Bucket Seat'),('SO-ICS0156','Children and baby car seat'),('SO-ICS0158','Headrest'),('SO-ICS0160','Seat bracket'),('SO-ICS0161','Seat cover'),('SO-ICS0162','Seat track'),('SO-IFCAP0152','Center console'),('SO-PACBS0169','Brake backing pad'),('SO-PACBS0171','Brake disc'),('SO-PACBS0173','Brake line'),('SO-PACBS0181','Brake shoe'),('SO-PACBS0183','Shoe web'),('SO-PACBS0184','Brake warning light'),('SO-PACBS0187','Combination valve'),('SO-PACBS0193','Brake duct hose'),('SO-PACBS0197','Metering valve'),('SS-10141','Fuse Box: The Alternative Tribute'),('SS-BAE0003','Exposed bumper'),('SS-BAE0004','Cowl screen'),('SS-BAE0009','Front fascia and header panel'),('SS-BAE0013','Radiator core support'),('SS-BAE0016','Spoiler'),('SS-BAE0017','Front spoiler'),('SS-BAE0018','Rear spoiler'),('SS-BAE0021','Valance'),('SS-BAE0022','Welded assembly'),('SS-BAED0024','Outer door handle'),('SS-BAED0025','Inner door handle'),('SS-BAED0028','Door watershield'),('SS-BAED0030','Door and bonnet'),('SS-BAEW0035','Sunroof motor'),('SS-BAEW0038','Windshield'),('SS-BAEW0039','Windshield washer motor'),('SS-EAEAD0041','Antenna assembly'),('SS-EAEAD0043','Radio and media player'),('SS-EAEAD0046','Tuner'),('SS-EAEAD0047','Subwoofer'),('SS-EAECS0048','Alternator'),('SS-EAECS0052','Other alternator parts'),('SS-EAEESS0053','Battery'),('SS-EAEESS0056','Battery cable terminal'),('SS-EAEESS0060','Battery tray'),('SS-EAEGAM0071','Tire pressure gauge'),('SS-EAEGAM0072','Vacuum gauge'),('SS-EAEGAM0074','Water temperature meter'),('SS-EAEIS0075','Coil wire'),('SS-EAEIS0076','Distributor'),('SS-EAEIS0077','Electronic timing controller'),('SS-EAELASS0083','Engine bay lighting'),('SS-EAELASS0086','Headlight'),('SS-EAELASS0087','Headlight motor'),('SS-EAELASS0090','Side lighting'),('SS-EAELASS0092','Tail light cover'),('SS-EAEM0133','Alarm and siren'),('SS-EAEM0134','Central locking system'),('SS-EAEM0136','Cruise control computer'),('SS-EAEM0144','Relay connector'),('SS-EAEM0146','Shift improver'),('SS-EAEM0149','Transmission computer'),('SS-EAES0094','Anti-pinch sensor'),('SS-EAES0095','Camshaft position sensor'),('SS-EAES0098','Fuel level sensor'),('SS-EAES0100','Light sensor'),('SS-EAES0101','Manifold absolute pressure sensor'),('SS-EAES0102','Oxygen sensor'),('SS-EAES0103','Power-steering pressure sensor'),('SS-EAES0105','Rain sensor'),('SS-EAES0108','Transmission input and output sensor'),('SS-EAES0109','ABS brack sensor'),('SS-EAES0114','ABS sensor'),('SS-EAES0125','Switch panel'),('SS-ICS0153','Armrest'),('SS-ICS0157','Fastener'),('SS-ICS0158','Headrest'),('SS-IFCAP0151','Carpet and other floor material'),('SS-PACBS0163','Anti-lock braking system'),('SS-PACBS0166','Anchor'),('SS-PACBS0167','Bleed nipple'),('SS-PACBS0168','Brake backing plate'),('SS-PACBS0169','Brake backing pad'),('SS-PACBS0173','Brake line'),('SS-PACBS0174','Brake pad'),('SS-PACBS0175','Brake pedal'),('SS-PACBS0178','Brake roll'),('SS-PACBS0179','Brake rotor'),('SS-PACBS0180','Brake servo'),('SS-PACBS0184','Brake warning light'),('SS-PACBS0185','Calibrated friction brake'),('SS-PACBS0186','Caliper'),('SS-PACBS0188','Dual circuit brake system'),('SS-PACBS0191','Brake booster hose'),('SS-PACBS0192','Air brake nylon hose'),('SS-PACBS0193','Brake duct hose'),('SS-PACBS0195','Load-sensing valve'),('SS-PACBS0196','Master Cylinder'),('SX-BAE0002','Unexposed bumper'),('SX-BAE0003','Exposed bumper'),('SX-BAE0005','Decklid'),('SX-BAE0020','Trunk'),('SX-BAED0023','Door beam and panel'),('SX-BAED0027','Door seal'),('SX-BAED0028','Door watershield'),('SX-BAED0030','Door and bonnet'),('SX-BAED0031','Lock'),('SX-BAEW0037','Window regulator'),('SX-EAEAD0043','Radio and media player'),('SX-EAEAD0045','Speaker'),('SX-EAECS0049','Alternator bearing'),('SX-EAECS0052','Other alternator parts'),('SX-EAEESS0056','Battery cable terminal'),('SX-EAEESS0059','Battery plate'),('SX-EAEESS0061','Voltage regulator'),('SX-EAEGAM0062','Ammeter'),('SX-EAEGAM0063','Clinometer'),('SX-EAEGAM0069','Tachometer'),('SX-EAEGAM0073','Voltmeter'),('SX-EAEIS0076','Distributor'),('SX-EAEIS0077','Electronic timing controller'),('SX-EAEIS0078','Ignition box'),('SX-EAEIS0079','Ignition Coil'),('SX-EAELASS0091','Tail light'),('SX-EAELASS0092','Tail light cover'),('SX-EAEM0134','Central locking system'),('SX-EAEM0135','Chassis control computer'),('SX-EAEM0140','Fuse'),('SX-EAEM0143','Performance Monitor'),('SX-EAEM0146','Shift improver'),('SX-EAEM0148','Speedometer calibrator'),('SX-EAEM0149','Transmission computer'),('SX-EAEM0150','Wiring connector'),('SX-EAES0093','Airbag sensor'),('SX-EAES0095','Camshaft position sensor'),('SX-EAES0097','Engine sensor'),('SX-EAES0100','Light sensor'),('SX-EAES0101','Manifold absolute pressure sensor'),('SX-EAES0108','Transmission input and output sensor'),('SX-EAES0113','Oil level sensor'),('SX-EAES0121','Ignition Switch'),('SX-EAES0123','Steering column switch'),('SX-EAES0124','Switch cover'),('SX-EAEWH0129','Engine compartment harness'),('SX-EAEWH0130','Interior harness'),('SX-ICS0155','Bucket Seat'),('SX-ICS0162','Seat track'),('SX-IFCAP0151','Carpet and other floor material'),('SX-IFCAP0152','Center console'),('SX-PACBS0165','Adjusting mechanism'),('SX-PACBS0167','Bleed nipple'),('SX-PACBS0172','Brake drum'),('SX-PACBS0173','Brake line'),('SX-PACBS0174','Brake pad'),('SX-PACBS0181','Brake shoe'),('SX-PACBS0184','Brake warning light'),('SX-PACBS0187','Combination valve'),('SX-PACBS0190','Hose'),('SX-PACBS0191','Brake booster hose'),('SX-PACBS0193','Brake duct hose'),('SX-PACBS0195','Load-sensing valve'),('SX-PACBS0197','Metering valve'),('XM-10141','Fuse Box: The Alternative Tribute'),('XM-BAE0001','Bumper'),('XM-BAE0006','Fascia rear and support'),('XM-BAE0011','Pillar and hard trim'),('XM-BAE0015','Roof Rack'),('XM-BAE0018','Rear spoiler'),('XM-BAED0023','Door beam and panel'),('XM-BAED0026','Door control module'),('XM-BAED0027','Door seal'),('XM-BAED0029','Hinge'),('XM-BAED0031','Lock'),('XM-BAEW0035','Sunroof motor'),('XM-BAEW0036','Window motor'),('XM-BAEW0038','Windshield'),('XM-EAEAD0041','Antenna assembly'),('XM-EAEAD0042','Antenna cable'),('XM-EAEAD0045','Speaker'),('XM-EAEESS0053','Battery'),('XM-EAEESS0055','Battery box'),('XM-EAEESS0057','Battery cable'),('XM-EAEESS0061','Voltage regulator'),('XM-EAEGAM0063','Clinometer'),('XM-EAEGAM0064','Dynamometer'),('XM-EAEGAM0069','Tachometer'),('XM-EAEGAM0070','Temperature gauge'),('XM-EAEGAM0074','Water temperature meter'),('XM-EAEIS0076','Distributor'),('XM-EAEIS0077','Electronic timing controller'),('XM-EAEIS0078','Ignition box'),('XM-EAEIS0082','Magneto'),('XM-EAELASS0088','Interior light and lamp'),('XM-EAELASS0091','Tail light'),('XM-EAEM0140','Fuse'),('XM-EAEM0144','Relay connector'),('XM-EAEM0146','Shift improver'),('XM-EAEM0149','Transmission computer'),('XM-EAEM0150','Wiring connector'),('XM-EAES0093','Airbag sensor'),('XM-EAES0095','Camshaft position sensor'),('XM-EAES0099','Knock sensor'),('XM-EAES0100','Light sensor'),('XM-EAES0110','TDC sensor'),('XM-EAES0112','IMA sensor'),('XM-EAES0113','Oil level sensor'),('XM-EAES0121','Ignition Switch'),('XM-EAESS0116','Starter drive'),('XM-EAEWH0131','Underfloor harness'),('XM-ICS0153','Armrest'),('XM-ICS0158','Headrest'),('XM-ICS0159','Seat Belt'),('XM-IFCAP0151','Carpet and other floor material'),('XM-PACBS0165','Adjusting mechanism'),('XM-PACBS0170','Brake cooling duct'),('XM-PACBS0171','Brake disc'),('XM-PACBS0172','Brake drum'),('XM-PACBS0173','Brake line'),('XM-PACBS0178','Brake roll'),('XM-PACBS0179','Brake rotor'),('XM-PACBS0181','Brake shoe'),('XM-PACBS0186','Caliper'),('XM-PACBS0189','Hold-down springs'),('XM-PACBS0190','Hose'),('XM-PACBS0191','Brake booster hose'),('XM-PACBS0198','Other braking system parts'),('ZN-10141','Fuse Box: The Alternative Tribute'),('ZN-BAE0000','Bonnet/hood'),('ZN-BAE0002','Unexposed bumper'),('ZN-BAE0003','Exposed bumper'),('ZN-BAE0005','Decklid'),('ZN-BAE0006','Fascia rear and support'),('ZN-BAE0008','Front clip'),('ZN-BAE0017','Front spoiler'),('ZN-BAE0018','Rear spoiler'),('ZN-BAE0019','Trim package'),('ZN-BAED0024','Outer door handle'),('ZN-BAED0027','Door seal'),('ZN-BAED0032','Centre Locking'),('ZN-BAEW0034','Sunroof'),('ZN-BAEW0036','Window motor'),('ZN-BAEW0038','Windshield'),('ZN-BAEW0039','Windshield washer motor'),('ZN-BAEW0040','Window seal'),('ZN-EAEAD0041','Antenna assembly'),('ZN-EAEAD0042','Antenna cable'),('ZN-EAEAD0043','Radio and media player'),('ZN-EAEAD0045','Speaker'),('ZN-EAEAD0047','Subwoofer'),('ZN-EAECS0051','Alternator fan'),('ZN-EAECS0052','Other alternator parts'),('ZN-EAEESS0053','Battery'),('ZN-EAEESS0055','Battery box'),('ZN-EAEESS0056','Battery cable terminal'),('ZN-EAEESS0061','Voltage regulator'),('ZN-EAEGAM0066','Hydrometer'),('ZN-EAEGAM0067','Odometer'),('ZN-EAEGAM0069','Tachometer'),('ZN-EAEGAM0070','Temperature gauge'),('ZN-EAEIS0075','Coil wire'),('ZN-EAEIS0077','Electronic timing controller'),('ZN-EAEIS0080','Ignition coil parts'),('ZN-EAEIS0082','Magneto'),('ZN-EAELASS0084','Fog Light'),('ZN-EAELASS0089','License plate lamp'),('ZN-EAELASS0092','Tail light cover'),('ZN-EAEM0136','Cruise control computer'),('ZN-EAEM0139','Engine control unit'),('ZN-EAEM0143','Performance Monitor'),('ZN-EAEM0144','Relay connector'),('ZN-EAEM0148','Speedometer calibrator'),('ZN-EAES0093','Airbag sensor'),('ZN-EAES0098','Fuel level sensor'),('ZN-EAES0105','Rain sensor'),('ZN-EAES0107','Temperature sensor'),('ZN-EAES0110','TDC sensor'),('ZN-EAES0112','IMA sensor'),('ZN-EAES0124','Switch cover'),('ZN-EAES0126','Thermostat'),('ZN-EAES0127','Frame Switch'),('ZN-EAESS0116','Starter drive'),('ZN-EAESS0117','Starter Motor'),('ZN-EAESS0119','Spark Plug'),('ZN-EAEWH0128','Air conditioning harness'),('ZN-ICS0154','Bench Seat'),('ZN-ICS0155','Bucket Seat'),('ZN-ICS0158','Headrest'),('ZN-ICS0159','Seat Belt'),('ZN-ICS0160','Seat bracket'),('ZN-IFCAP0151','Carpet and other floor material'),('ZN-IFCAP0152','Center console'),('ZN-PACBS0163','Anti-lock braking system'),('ZN-PACBS0164','ABS steel pin'),('ZN-PACBS0168','Brake backing plate'),('ZN-PACBS0169','Brake backing pad'),('ZN-PACBS0173','Brake line'),('ZN-PACBS0177','Brake pump'),('ZN-PACBS0180','Brake servo'),('ZN-PACBS0181','Brake shoe'),('ZN-PACBS0185','Calibrated friction brake'),('ZN-PACBS0187','Combination valve'),('ZN-PACBS0193','Brake duct hose'),('ZN-PACBS0195','Load-sensing valve'),('ZT-10141','Fuse Box: The Alternative Tribute'),('ZT-BAE0000','Bonnet/hood'),('ZT-BAE0005','Decklid'),('ZT-BAE0006','Fascia rear and support'),('ZT-BAE0009','Front fascia and header panel'),('ZT-BAE0011','Pillar and hard trim'),('ZT-BAE0013','Radiator core support'),('ZT-BAE0017','Front spoiler'),('ZT-BAE0019','Trim package'),('ZT-BAED0023','Door beam and panel'),('ZT-BAED0027','Door seal'),('ZT-BAED0032','Centre Locking'),('ZT-EAEAD0043','Radio and media player'),('ZT-EAEAD0044','Other devices'),('ZT-EAEAD0045','Speaker'),('ZT-EAECS0052','Other alternator parts'),('ZT-EAEESS0060','Battery tray'),('ZT-EAEESS0061','Voltage regulator'),('ZT-EAEGAM0064','Dynamometer'),('ZT-EAEIS0075','Coil wire'),('ZT-EAEIS0076','Distributor'),('ZT-EAEIS0077','Electronic timing controller'),('ZT-EAEIS0079','Ignition Coil'),('ZT-EAEIS0082','Magneto'),('ZT-EAELASS0084','Fog Light'),('ZT-EAELASS0087','Headlight motor'),('ZT-EAELASS0091','Tail light'),('ZT-EAEM0147','Speed controller'),('ZT-EAEM0150','Wiring connector'),('ZT-EAES0093','Airbag sensor'),('ZT-EAES0097','Engine sensor'),('ZT-EAES0098','Fuel level sensor'),('ZT-EAES0101','Manifold absolute pressure sensor'),('ZT-EAES0102','Oxygen sensor'),('ZT-EAES0104','Pressure sensor'),('ZT-EAES0107','Temperature sensor'),('ZT-EAES0112','IMA sensor'),('ZT-EAES0114','ABS sensor'),('ZT-EAES0120','Door switch'),('ZT-EAES0121','Ignition Switch'),('ZT-EAES0122','Power window switch'),('ZT-EAESS0117','Starter Motor'),('ZT-EAESS0119','Spark Plug'),('ZT-EAEWH0128','Air conditioning harness'),('ZT-EAEWH0131','Underfloor harness'),('ZT-ICS0158','Headrest'),('ZT-ICS0159','Seat Belt'),('ZT-ICS0161','Seat cover'),('ZT-IFCAP0151','Carpet and other floor material'),('ZT-PACBS0167','Bleed nipple'),('ZT-PACBS0168','Brake backing plate'),('ZT-PACBS0172','Brake drum'),('ZT-PACBS0178','Brake roll'),('ZT-PACBS0182','Brake lining'),('ZT-PACBS0188','Dual circuit brake system'),('ZT-PACBS0192','Air brake nylon hose'),('ZT-PACBS0193','Brake duct hose'),('ZT-PACBS0194','Hydraulic booster unit'),('ZT-PACBS0195','Load-sensing valve'),('ZT-PACBS0198','Other braking system parts'),('ZY-BAE0004','Cowl screen'),('ZY-BAE0005','Decklid'),('ZY-BAE0009','Front fascia and header panel'),('ZY-BAE0010','Grille'),('ZY-BAE0012','Quarter panel'),('ZY-BAE0014','Rocker panel'),('ZY-BAE0016','Spoiler'),('ZY-BAE0017','Front spoiler'),('ZY-BAEW0037','Window regulator'),('ZY-BAEW0038','Windshield'),('ZY-EAEAD0044','Other devices'),('ZY-EAEAD0046','Tuner'),('ZY-EAEAD0047','Subwoofer'),('ZY-EAECS0052','Other alternator parts'),('ZY-EAEESS0053','Battery'),('ZY-EAEESS0054','Performance battery'),('ZY-EAEESS0057','Battery cable'),('ZY-EAEESS0060','Battery tray'),('ZY-EAEGAM0062','Ammeter'),('ZY-EAEIS0080','Ignition coil parts'),('ZY-EAELASS0083','Engine bay lighting'),('ZY-EAELASS0092','Tail light cover'),('ZY-EAEM0132','Air bag control module'),('ZY-EAEM0136','Cruise control computer'),('ZY-EAEM0138','Engine computer and management system'),('ZY-EAEM0142','Performance chip'),('ZY-EAEM0147','Speed controller'),('ZY-EAEM0149','Transmission computer'),('ZY-EAES0093','Airbag sensor'),('ZY-EAES0099','Knock sensor'),('ZY-EAES0102','Oxygen sensor'),('ZY-EAES0104','Pressure sensor'),('ZY-EAES0105','Rain sensor'),('ZY-EAES0107','Temperature sensor'),('ZY-EAES0111','MAP sensor'),('ZY-EAES0113','Oil level sensor'),('ZY-EAES0114','ABS sensor'),('ZY-EAES0120','Door switch'),('ZY-EAES0123','Steering column switch'),('ZY-EAES0126','Thermostat'),('ZY-EAESS0116','Starter drive'),('ZY-EAEWH0130','Interior harness'),('ZY-ICS0155','Bucket Seat'),('ZY-IFCAP0151','Carpet and other floor material'),('ZY-IFCAP0152','Center console'),('ZY-PACBS0164','ABS steel pin'),('ZY-PACBS0165','Adjusting mechanism'),('ZY-PACBS0169','Brake backing pad'),('ZY-PACBS0170','Brake cooling duct'),('ZY-PACBS0177','Brake pump'),('ZY-PACBS0180','Brake servo'),('ZY-PACBS0186','Caliper'),('ZY-PACBS0193','Brake duct hose'),('ZY-PACBS0196','Master Cylinder'),('ZY-PACBS0198','Other braking system parts');
/*!40000 ALTER TABLE `Part` ENABLE KEYS */;
UNLOCK TABLES;

--
-- Table structure for table `PartOrder`
--

DROP TABLE IF EXISTS `PartOrder`;
/*!40101 SET @saved_cs_client     = @@character_set_client */;
/*!40101 SET character_set_client = utf8 */;
CREATE TABLE `PartOrder` (
  `VIN` varchar(20) COLLATE utf8mb4_general_ci NOT NULL,
  `order_index` varchar(20) COLLATE utf8mb4_general_ci NOT NULL,
  `vendor_id` int(11) NOT NULL,
  PRIMARY KEY (`VIN`,`order_index`),
  KEY `fk_po_vendor` (`vendor_id`),
  CONSTRAINT `fk_part_order_vehicle` FOREIGN KEY (`VIN`) REFERENCES `vehicle` (`VIN`),
  CONSTRAINT `fk_po_vendor` FOREIGN KEY (`vendor_id`) REFERENCES `vendor` (`vendor_id`)
) ENGINE=InnoDB DEFAULT CHARSET=utf8mb4 COLLATE=utf8mb4_general_ci;
/*!40101 SET character_set_client = @saved_cs_client */;

--
-- Dumping data for table `PartOrder`
--

LOCK TABLES `PartOrder` WRITE;
/*!40000 ALTER TABLE `PartOrder` DISABLE KEYS */;
INSERT INTO `PartOrder` VALUES ('0S57SUJ4IC1640897','001',1),('1NVXI5JXG3Q330243','001',1),('1NVXI5JXG3Q330243','002',1),('24PJSOHL7AV555541','001',1),('24PJSOHL7AV555541','002',1),('3DKKMGIZ7YP000949','002',1),('53WEVPX7H4X102116','005',1),('6KWLNKZW7TB480162','001',1),('75JPSZY0BUP284256','002',1),('7E5LCY5NETS057532','004',1),('8KJNJ10WXLA842695','002',1),('8SL0YJUFMTV627191','001',1),('8XV8E2COQQ0978402','001',1),('A1NMYTKAQVI515298','002',1),('A1NMYTKAQVI515298','003',1),('AHCTXZIUNLT990408','003',1),('AXEV4VONGOV055454','002',1),('BKMITEBY1EN848184','003',1),('EBZZN84J0L1163524','001',1),('EBZZN84J0L1163524','003',1),('FQQN4F0Y2Y4911016','003',1),('JJJCTN8VPQ2786297','002',1),('K3E2NL0ALH6201724','001',1),('K3E2NL0ALH6201724','003',1),('KIYLR1R5Q58616843','002',1),('M8D0UVAUJWA611757','001',1),('O05A7ND5MR4856060','003',1),('O6FN2LHJYJP625193','001',1),('OYSBYKKMW7W431727','003',1),('PXZGV28A8KN434243','005',1),('QYJ40J7KB2A426113','002',1),('UVZX51MOHHZ350304','003',1),('V0CS6FK0F2L619952','001',1),('X6PGCLX142L353015','003',1),('XJZQEGWAV7Q033418','001',1),('ZIOUZCIZ0X5709697','004',1),('ZWW7VOTXOEE355574','001',1),('014YJPHOCI4928433','001',2),('0S57SUJ4IC1640897','003',2),('1PHWGTVKSC5888281','002',2),('2MHCSVAPEB8589057','002',2),('3DKKMGIZ7YP000949','001',2),('3LMQEJ637DV562400','003',2),('3LQVMGKNRTE915571','002',2),('3ZQSQH7KCWX963150','001',2),('4TSP05XM3T7777863','001',2),('5A77A0KQT4Q738091','001',2),('5KP0CNPH5CW303661','001',2),('618DR7M1L2G015076','002',2),('8KJNJ10WXLA842695','001',2),('AXEV4VONGOV055454','003',2),('B8SSPH58WRS521686','004',2),('CLEGAGVNX62265577','005',2),('EBDPUOZW0UW750384','001',2),('ESYSVDN5WUF888037','003',2),('FLFOADSEVDJ743887','001',2),('H0NTC0VHQRA123485','001',2),('LLDC1OCSTQ1651823','001',2),('O4YTYHUUGAY861024','002',2),('OA2AULLS70C156569','001',2),('OEZQ7C5Q4IU531061','002',2),('OTU0G7AR2Y1800976','002',2),('QX26HKQMAEQ650690','002',2),('QYJ40J7KB2A426113','003',2),('RKZ4SH0SHZI670624','001',2),('UUWQM04TSAR411514','003',2),('V8TT1Z53XJ3351609','001',2),('W0568WGO5WJ438874','001',2),('W0VVANUKDUY874182','002',2),('W237VB7JQCR328314','001',2),('W237VB7JQCR328314','004',2),('XNXLS5I71MA658964','002',2),('Z7SSR7QXU3H868079','001',2),('0O3JJPHBUAP199412','001',3),('22IBT631ZQB560111','001',3),('34LPXEKDI4K738049','001',3),('3LQVMGKNRTE915571','003',3),('5HJ7JGARQY7410384','001',3),('5KP0CNPH5CW303661','002',3),('6DBY3C036JZ509895','001',3),('7QIC6ZYHPQP552709','001',3),('8OU7JH0IJU6315337','001',3),('A7LI8UIU28Q222693','002',3),('B6DYAUVZOLO290932','003',3),('BKMITEBY1EN848184','004',3),('CB7NB6TBLMD840841','001',3),('CLEGAGVNX62265577','003',3),('CZIU7B73Q86955353','002',3),('HF61EINCEKB377113','001',3),('HIAW0SH7XKK539730','001',3),('JJJCTN8VPQ2786297','003',3),('K0JT3JN6GHR755604','003',3),('M6J2KWLLUKW587077','001',3),('MML51CMHAQ5564453','001',3),('ND31ETCB3XK917122','001',3),('ND31ETCB3XK917122','002',3),('P7JYBE6FM26738497','002',3),('QI0DMNKRDZJ539897','002',3),('R5CKHASBUY3271404','002',3),('S125FSF82QY167812','004',3),('V0Y7R3VOND6385099','002',3),('VFRZ3NRGP3T720592','001',3),('VLB5X8345HA615648','001',3),('XJZQEGWAV7Q033418','003',3),('YB15CELIOAD030337','002',3),('YRAKHFEO0D1858938','002',3),('13AVT0QCFFF714899','002',4),('22IBT631ZQB560111','002',4),('5HJ7JGARQY7410384','002',4),('5JK48AIE01F557082','002',4),('6DBY3C036JZ509895','003',4),('6DBY3C036JZ509895','004',4),('7E5LCY5NETS057532','001',4),('7UNLIZIDGDO334562','001',4),('AC4ZIL5XS7B075565','001',4),('AGIIPKOGTOH069031','002',4),('AHCTXZIUNLT990408','006',4),('C3FOQPRK48B009537','001',4),('DF6PFCH0AEX087065','003',4),('EBZZN84J0L1163524','006',4),('G05OT6PRY0O583244','004',4),('GIOLVCOW6FP335188','002',4),('GX7M6O4V208624783','004',4),('HF61EINCEKB377113','005',4),('KU7WAYY7WVW387657','001',4),('KZS5B30QSTV993892','001',4),('N5W5FFXWBXO904639','002',4),('NLS6KSCMBLK635055','001',4),('NSMNR56SEOU091726','003',4),('O05A7ND5MR4856060','004',4),('OA2AULLS70C156569','002',4),('OLSEKFK5ZQ6130350','003',4),('S125FSF82QY167812','003',4),('S8IG7CS13D3171231','001',4),('T8VKW8BVR4S799169','003',4),('TEMYOH4852J438131','002',4),('U18BDQFC4ZV145556','003',4),('VGDTPF85FW3798103','004',4),('XVHDHEYM76N276701','001',4),('XZ0NAXD65PB590052','001',4),('YT768PDJ0NU591276','001',4),('2MHCSVAPEB8589057','001',5),('4YXU2TN1NJU843634','001',5),('5A12HXO5U8T698581','001',5),('5GJZF82LII6385235','004',5),('5JK48AIE01F557082','004',5),('7E5LCY5NETS057532','005',5),('8SL0YJUFMTV627191','002',5),('8SL0YJUFMTV627191','003',5),('8T3FRD4XLHS244610','002',5),('A7LI8UIU28Q222693','001',5),('CB7NB6TBLMD840841','002',5),('D4G0CTZMD2X930012','003',5),('EYJA4KTGDYQ015061','001',5),('F2Q618FX05Z072513','002',5),('FC5IOH7WXUG049482','002',5),('H8V4P7W7UDF905029','002',5),('HF61EINCEKB377113','003',5),('HKABMRUAW8E433308','001',5),('JJJCTN8VPQ2786297','001',5),('JQWZHRE1QQC616191','002',5),('KGXXM02N16Y917081','002',5),('MSCYTFN5DLQ797580','001',5),('OENGRAALQH3524656','002',5),('OLSEKFK5ZQ6130350','002',5),('OOXPL1JMKRX336822','002',5),('OTU0G7AR2Y1800976','001',5),('PFWLPE5OM20960896','001',5),('PT0IZH2QSM5433241','001',5),('T2QRUXJS5OY889240','003',5),('YB15CELIOAD030337','001',5),('Z7SSR7QXU3H868079','002',5),('ZHWDPEKYMVO700411','004',5),('ZIOUZCIZ0X5709697','003',5),('24PJSOHL7AV555541','003',6),('53WEVPX7H4X102116','001',6),('6AHSK5ZQ35S410112','003',6),('A4YNNJNA3YO795177','002',6),('AEDKYKWVSR5009618','002',6),('AEDKYKWVSR5009618','004',6),('AHCTXZIUNLT990408','005',6),('B0VBO26AVSF452216','001',6),('C15HS5VBR7W535537','001',6),('CKP0OYNPTQV900997','004',6),('DF6PFCH0AEX087065','001',6),('DU400SRFFTR031554','001',6),('EBZZN84J0L1163524','005',6),('FF386522UXW088260','002',6),('FQQN4F0Y2Y4911016','005',6),('HRDP63I3VLX490165','002',6),('HRDP63I3VLX490165','003',6),('KY0VD426W8P596125','001',6),('MNBU50BFAWY569945','001',6),('N75ES1SYYPY249965','002',6),('PHRGFZ1JX1M009627','002',6),('Q1JHCKXK6DM600820','002',6),('QI0DMNKRDZJ539897','006',6),('QS3WIP530WT059941','003',6),('RIZTDYYGYS8802889','001',6),('S125FSF82QY167812','002',6),('S125FSF82QY167812','005',6),('TD41PRPBYNQ799837','003',6),('UHTZCO50NI6402584','001',6),('UHTZCO50NI6402584','002',6),('VP0U4FNOL1Q272112','002',6),('XJZQEGWAV7Q033418','004',6),('YQPUSK3G3TY698091','001',6),('0OE58G1RATR240921','002',7),('0S57SUJ4IC1640897','004',7),('16VZ2D5K2UA224265','001',7),('1NVXI5JXG3Q330243','004',7),('1NVXI5JXG3Q330243','006',7),('1SW1IVG7FRC996431','001',7),('2A8QZNBMXTP305324','002',7),('35F4JXSH0HA820194','002',7),('3DKKMGIZ7YP000949','003',7),('4MXLVV84A6C633165','002',7),('5GJZF82LII6385235','002',7),('5JK48AIE01F557082','001',7),('A2YAQD6KDWM503404','001',7),('A7LI8UIU28Q222693','005',7),('AXEV4VONGOV055454','005',7),('EBZZN84J0L1163524','002',7),('F4N3GC225MT163583','002',7),('GG7T8HJFVBJ354520','001',7),('N7UGS5V1OX0015212','003',7),('NC50WA1NW00659248','001',7),('O05A7ND5MR4856060','001',7),('O4YTYHUUGAY861024','003',7),('O5TDAJX7MJE979632','001',7),('OWWSKLAS7QX817356','005',7),('OYSBYKKMW7W431727','001',7),('RIZTDYYGYS8802889','002',7),('RM7H44T3Y51383174','001',7),('TD41PRPBYNQ799837','001',7),('UHTZCO50NI6402584','004',7),('UVZX51MOHHZ350304','002',7),('V4JVFR4YRS7140562','001',7),('W237VB7JQCR328314','002',7),('YOIOCT8QVK8729970','004',7),('YUSPPHQSZAJ981823','001',7),('YUSPPHQSZAJ981823','002',7),('ZWW7VOTXOEE355574','002',7),('ZXLGMAQXH21862670','001',7),('16VZ2D5K2UA224265','002',8),('1IXFVT6SR0P763165','001',8),('1PHWGTVKSC5888281','001',8),('1TYZPWJUY8S534217','002',8),('2A8QZNBMXTP305324','001',8),('30TKOS7OOZE898754','003',8),('3LMQEJ637DV562400','002',8),('3LMQEJ637DV562400','005',8),('4PQ5C344WM2161232','001',8),('4TSP05XM3T7777863','002',8),('5JK48AIE01F557082','005',8),('5N8JUSLD214397601','003',8),('6U7HLHZK3GP057957','002',8),('7O8R4N0I445396787','001',8),('8HVXXFQ4M58279132','002',8),('8KJNJ10WXLA842695','004',8),('8QC0CE5XB6N801356','003',8),('A7LI8UIU28Q222693','003',8),('CKP0OYNPTQV900997','005',8),('DF6PFCH0AEX087065','005',8),('FF386522UXW088260','001',8),('FLFOADSEVDJ743887','002',8),('HKABMRUAW8E433308','002',8),('KIYLR1R5Q58616843','003',8),('N5W5FFXWBXO904639','001',8),('N7UGS5V1OX0015212','002',8),('PXZGV28A8KN434243','001',8),('PXZGV28A8KN434243','002',8),('QI0DMNKRDZJ539897','003',8),('R2WXKMHKPXO142205','002',8),('T8VKW8BVR4S799169','002',8),('UDI7LAGS7QL483060','003',8),('ZHWDPEKYMVO700411','001',8),('16VZ2D5K2UA224265','003',9),('2P0M0KIT617709587','002',9),('4MXLVV84A6C633165','001',9),('5GJZF82LII6385235','001',9),('5N8JUSLD214397601','004',9),('5N8JUSLD214397601','005',9),('635UCNTTHIF575495','001',9),('68OADH2QPOS933812','004',9),('75JPSZY0BUP284256','001',9),('8ER23OFXZ1E916228','001',9),('8QC0CE5XB6N801356','001',9),('AGIIPKOGTOH069031','001',9),('AHCTXZIUNLT990408','004',9),('B0VBO26AVSF452216','002',9),('B8SSPH58WRS521686','002',9),('CLEGAGVNX62265577','002',9),('G0OMKKQI3ON337813','001',9),('HRDP63I3VLX490165','001',9),('KGXXM02N16Y917081','001',9),('NIVJT1I8VH1312956','001',9),('OEZQ7C5Q4IU531061','001',9),('OLSEKFK5ZQ6130350','005',9),('OWWSKLAS7QX817356','001',9),('OWWSKLAS7QX817356','003',9),('PA2KWUOB26B493992','002',9),('PHRGFZ1JX1M009627','001',9),('R5CKHASBUY3271404','001',9),('TEMYOH4852J438131','001',9),('UFU8XLWSHBR469828','002',9),('W7BJ0WMT3F1988589','001',9),('ZYJSI0PV1BK763098','001',9),('1SW1IVG7FRC996431','002',10),('30TKOS7OOZE898754','004',10),('3LMQEJ637DV562400','004',10),('4PQ5C344WM2161232','002',10),('68OADH2QPOS933812','005',10),('8T3FRD4XLHS244610','001',10),('A1NMYTKAQVI515298','001',10),('C3FOQPRK48B009537','004',10),('CLEGAGVNX62265577','004',10),('CN7453KYD25674641','002',10),('DBX6KOCPLNA744149','002',10),('DF6PFCH0AEX087065','002',10),('EBDPUOZW0UW750384','002',10),('ESYSVDN5WUF888037','001',10),('H8V4P7W7UDF905029','001',10),('HQC4QIGI5R0047396','001',10),('KUQE1AIER17796884','001',10),('KZS5B30QSTV993892','003',10),('MNUX8DKOOQR070763','001',10),('ONCCSRDH8DG971376','001',10),('U0IW6RMXF3E643006','001',10),('VGDTPF85FW3798103','005',10),('VYTVYSIRWI8110696','002',10),('X6PGCLX142L353015','004',10),('31WBMVJRBOT808956','003',11),('5JK48AIE01F557082','006',11),('6AHSK5ZQ35S410112','002',11),('8QC0CE5XB6N801356','004',11),('AB8O6IWO8YG995749','001',11),('AEDKYKWVSR5009618','005',11),('AJW0OF78HVS865152','001',11),('B8SSPH58WRS521686','001',11),('CN7453KYD25674641','001',11),('HF61EINCEKB377113','004',11),('K0JT3JN6GHR755604','004',11),('NC0WM0W6U38530017','002',11),('OWWSKLAS7QX817356','004',11),('PT0IZH2QSM5433241','002',11),('PXZGV28A8KN434243','004',11),('QI0DMNKRDZJ539897','001',11),('QI0DMNKRDZJ539897','004',11),('QYJ40J7KB2A426113','004',11),('T2QRUXJS5OY889240','002',11),('T8VKW8BVR4S799169','001',11),('UDI7LAGS7QL483060','002',11),('V0Y7R3VOND6385099','001',11),('VGDTPF85FW3798103','001',11),('VX5ONWMXOWC092241','001',11),('W237VB7JQCR328314','003',11),('W65LU27EIAI574094','003',11),('W7BJ0WMT3F1988589','002',11),('W7BJ0WMT3F1988589','004',11),('XJZQEGWAV7Q033418','002',11),('XVHDHEYM76N276701','002',11),('ZIOUZCIZ0X5709697','002',11),('ZWW7VOTXOEE355574','003',11),('1TYZPWJUY8S534217','001',12),('24PJSOHL7AV555541','005',12),('2P0M0KIT617709587','004',12),('2P0M0KIT617709587','005',12),('3LMQEJ637DV562400','001',12),('4MXLVV84A6C633165','003',12),('68OADH2QPOS933812','001',12),('6DBY3C036JZ509895','005',12),('73MVKB63GMJ964569','001',12),('8OU7JH0IJU6315337','002',12),('A2YAQD6KDWM503404','002',12),('B6DYAUVZOLO290932','001',12),('CLEGAGVNX62265577','001',12),('DF6PFCH0AEX087065','004',12),('EEC7DB0AVX8841803','005',12),('FH3BO3MF7F8943017','003',12),('FZ1HFZ585WR955503','001',12),('G05OT6PRY0O583244','001',12),('G0OMKKQI3ON337813','002',12),('GG7T8HJFVBJ354520','003',12),('GIOLVCOW6FP335188','001',12),('K0JT3JN6GHR755604','005',12),('K3E2NL0ALH6201724','002',12),('KFWC2DGXLXB344224','001',12),('MQRWSH8TDSA328716','001',12),('OENGRAALQH3524656','001',12),('OWWSKLAS7QX817356','002',12),('OYSBYKKMW7W431727','002',12),('U0IW6RMXF3E643006','002',12),('UDI7LAGS7QL483060','004',12),('UE0HIIE583S680065','001',12),('VLB5X8345HA615648','002',12),('W65LU27EIAI574094','001',12),('W65LU27EIAI574094','002',12),('W7BJ0WMT3F1988589','003',12),('X6PGCLX142L353015','002',12),('YB15CELIOAD030337','003',12),('ZHWDPEKYMVO700411','003',12),('0S57SUJ4IC1640897','002',13),('0S57SUJ4IC1640897','005',13),('1RYAWHVZXTT082005','002',13),('1TY0OZ6776O551065','002',13),('30TKOS7OOZE898754','002',13),('5R18GDSB3CM032341','001',13),('60BMLFB8XK5792806','001',13),('6U7HLHZK3GP057957','004',13),('7E5LCY5NETS057532','002',13),('7E5LCY5NETS057532','003',13),('7O8R4N0I445396787','002',13),('8HVXXFQ4M58279132','001',13),('AB8O6IWO8YG995749','002',13),('AXEV4VONGOV055454','004',13),('B8SSPH58WRS521686','003',13),('C15HS5VBR7W535537','002',13),('EEC7DB0AVX8841803','004',13),('FQQN4F0Y2Y4911016','002',13),('FQQN4F0Y2Y4911016','004',13),('GH7NQUAAD1Z939191','001',13),('GLJRT76OYH0767251','004',13),('GX7M6O4V208624783','001',13),('HE08QS6227G217277','001',13),('HRKE60F31H6918971','001',13),('J2E2YCGES38415781','001',13),('J5JOI16OKT3791181','001',13),('MSCYTFN5DLQ797580','002',13),('RIZTDYYGYS8802889','004',13),('S4JI8BAZK6A762603','001',13),('T2QRUXJS5OY889240','005',13),('UQHSQ06Y242436882','001',13),('UY0J2ZE2WC4929234','001',13),('W0VVANUKDUY874182','001',13),('XJZQEGWAV7Q033418','005',13),('ZXLGMAQXH21862670','002',13),('2JJYDSM8ONT301410','002',14),('3UZC10YHEMA746460','002',14),('4MXLVV84A6C633165','005',14),('4MXLVV84A6C633165','006',14),('53WEVPX7H4X102116','002',14),('761PGMYLX0T843950','002',14),('7O8R4N0I445396787','005',14),('7UNLIZIDGDO334562','005',14),('8XV8E2COQQ0978402','002',14),('AHCTXZIUNLT990408','001',14),('AXEV4VONGOV055454','001',14),('EFWM866BVP1512173','002',14),('FC5IOH7WXUG049482','001',14),('FH3BO3MF7F8943017','002',14),('FQQN4F0Y2Y4911016','001',14),('G11UA2D181O142111','002',14),('GIKGHMM5MB3457530','001',14),('GX7M6O4V208624783','005',14),('HF61EINCEKB377113','002',14),('JQWZHRE1QQC616191','001',14),('K0JT3JN6GHR755604','002',14),('KIYLR1R5Q58616843','001',14),('KUQE1AIER17796884','002',14),('KZS5B30QSTV993892','002',14),('KZS5B30QSTV993892','004',14),('M6J2KWLLUKW587077','002',14),('M8D0UVAUJWA611757','002',14),('MSCYTFN5DLQ797580','003',14),('NC0WM0W6U38530017','003',14),('ONCCSRDH8DG971376','002',14),('PA2KWUOB26B493992','001',14),('QX26HKQMAEQ650690','001',14),('QYJ40J7KB2A426113','001',14),('R2WXKMHKPXO142205','001',14),('SYZI0ZHYVNY547468','001',14),('VYTVYSIRWI8110696','001',14),('XNXLS5I71MA658964','001',14),('XZ0ZPNB3K0B900136','001',14),('YOIOCT8QVK8729970','001',14),('1NVXI5JXG3Q330243','005',15),('3UZC10YHEMA746460','001',15),('46B8UPAQCVW796829','003',15),('5R18GDSB3CM032341','002',15),('635UCNTTHIF575495','003',15),('68OADH2QPOS933812','002',15),('68OADH2QPOS933812','003',15),('6DBY3C036JZ509895','002',15),('6RQECM8EO3O323457','001',15),('761PGMYLX0T843950','001',15),('7O8R4N0I445396787','004',15),('A4YNNJNA3YO795177','001',15),('AEDKYKWVSR5009618','003',15),('AZJAEE6WIG0491218','001',15),('B0VBO26AVSF452216','003',15),('B0VBO26AVSF452216','004',15),('B6DYAUVZOLO290932','002',15),('BIUHHJZSI4O016585','001',15),('BKMITEBY1EN848184','001',15),('C3FOQPRK48B009537','003',15),('CZIU7B73Q86955353','001',15),('ESYSVDN5WUF888037','002',15),('FF386522UXW088260','004',15),('G40AQJDVI68882229','001',15),('MAMDBMJQE5N094237','001',15),('N7UGS5V1OX0015212','001',15),('NC0WM0W6U38530017','001',15),('NLS6KSCMBLK635055','002',15),('OOXPL1JMKRX336822','001',15),('QI0DMNKRDZJ539897','005',15),('QS3WIP530WT059941','002',15),('RKZ4SH0SHZI670624','002',15),('VP0U4FNOL1Q272112','001',15),('VP0U4FNOL1Q272112','003',15),('VP0U4FNOL1Q272112','005',15),('1RYAWHVZXTT082005','004',16),('30TKOS7OOZE898754','005',16),('5KP0CNPH5CW303661','003',16),('635UCNTTHIF575495','004',16),('75JPSZY0BUP284256','003',16),('7UNLIZIDGDO334562','002',16),('AJW0OF78HVS865152','002',16),('CZIU7B73Q86955353','003',16),('FH3BO3MF7F8943017','001',16),('G05OT6PRY0O583244','002',16),('GG7T8HJFVBJ354520','002',16),('GX7M6O4V208624783','003',16),('GYAJMGYERH5049742','001',16),('J2E2YCGES38415781','002',16),('M6J2KWLLUKW587077','003',16),('MAMDBMJQE5N094237','002',16),('MQRWSH8TDSA328716','002',16),('NSMNR56SEOU091726','001',16),('O6FN2LHJYJP625193','002',16),('Q1JHCKXK6DM600820','001',16),('S8IG7CS13D3171231','002',16),('UDI7LAGS7QL483060','001',16),('UFU8XLWSHBR469828','003',16),('UY0J2ZE2WC4929234','002',16),('X3SCPDYFXR1281696','001',16),('X6PGCLX142L353015','001',16),('YRAKHFEO0D1858938','001',16),('ZHWDPEKYMVO700411','002',16),('13AVT0QCFFF714899','001',17),('22IBT631ZQB560111','003',17),('24PJSOHL7AV555541','006',17),('30TKOS7OOZE898754','001',17),('53WEVPX7H4X102116','003',17),('5HIL3GKIIB7639416','001',17),('5JK48AIE01F557082','003',17),('6U7HLHZK3GP057957','001',17),('761PGMYLX0T843950','003',17),('7UNLIZIDGDO334562','003',17),('AEDKYKWVSR5009618','001',17),('AHCTXZIUNLT990408','002',17),('B6DYAUVZOLO290932','004',17),('CKP0OYNPTQV900997','002',17),('D4G0CTZMD2X930012','004',17),('EBZZN84J0L1163524','004',17),('EEC7DB0AVX8841803','002',17),('EFWM866BVP1512173','001',17),('ELXTVDBEOKI657593','001',17),('G05OT6PRY0O583244','003',17),('GX7M6O4V208624783','002',17),('KGZT23UL65F408436','001',17),('KU7WAYY7WVW387657','002',17),('KU7WAYY7WVW387657','003',17),('MNUX8DKOOQR070763','002',17),('NSMNR56SEOU091726','002',17),('O05A7ND5MR4856060','002',17),('OLSEKFK5ZQ6130350','001',17),('PXZGV28A8KN434243','003',17),('QX26HKQMAEQ650690','003',17),('T2QRUXJS5OY889240','004',17),('UUWQM04TSAR411514','002',17),('UVZX51MOHHZ350304','001',17),('1RYAWHVZXTT082005','001',18),('1RYAWHVZXTT082005','003',18),('1TY0OZ6776O551065','001',18),('24PJSOHL7AV555541','004',18),('3LQVMGKNRTE915571','001',18),('46B8UPAQCVW796829','001',18),('53WEVPX7H4X102116','004',18),('5N8JUSLD214397601','001',18),('5R18GDSB3CM032341','004',18),('618DR7M1L2G015076','001',18),('68OADH2QPOS933812','006',18),('6AHSK5ZQ35S410112','001',18),('AZJAEE6WIG0491218','002',18),('D4G0CTZMD2X930012','001',18),('G11UA2D181O142111','001',18),('GX7M6O4V208624783','006',18),('H8V4P7W7UDF905029','003',18),('K0JT3JN6GHR755604','001',18),('NTLNBNESY0F523188','001',18),('O4YTYHUUGAY861024','004',18),('OLSEKFK5ZQ6130350','004',18),('PHRGFZ1JX1M009627','003',18),('RY17GJBS8P0724570','001',18),('SB0II3RK4J8108311','001',18),('SB0II3RK4J8108311','002',18),('TD41PRPBYNQ799837','002',18),('UFU8XLWSHBR469828','001',18),('UFU8XLWSHBR469828','004',18),('UHTZCO50NI6402584','003',18),('VP0U4FNOL1Q272112','004',18),('YKDLFUYBDYA762942','001',18),('0O3JJPHBUAP199412','002',19),('0OE58G1RATR240921','001',19),('1NVXI5JXG3Q330243','003',19),('1P4CYBF55BZ319515','001',19),('1P4CYBF55BZ319515','002',19),('22IBT631ZQB560111','004',19),('2P0M0KIT617709587','003',19),('31WBMVJRBOT808956','002',19),('37HKK6A8BK4624844','001',19),('46B8UPAQCVW796829','002',19),('4G1Z11HOQ3P797692','001',19),('4YXU2TN1NJU843634','002',19),('5A77A0KQT4Q738091','002',19),('5GJZF82LII6385235','003',19),('5N8JUSLD214397601','002',19),('5R18GDSB3CM032341','003',19),('6U7HLHZK3GP057957','003',19),('7O8R4N0I445396787','003',19),('AJW0OF78HVS865152','003',19),('BKMITEBY1EN848184','002',19),('CKP0OYNPTQV900997','001',19),('CKP0OYNPTQV900997','003',19),('D4G0CTZMD2X930012','002',19),('DBX6KOCPLNA744149','001',19),('EEC7DB0AVX8841803','003',19),('EEC7DB0AVX8841803','006',19),('F2Q618FX05Z072513','001',19),('F4N3GC225MT163583','001',19),('FF386522UXW088260','003',19),('GG7T8HJFVBJ354520','004',19),('GG7T8HJFVBJ354520','005',19),('GLJRT76OYH0767251','003',19),('HHZ4SJBSKCM132962','001',19),('M8D0UVAUJWA611757','003',19),('N75ES1SYYPY249965','001',19),('O4YTYHUUGAY861024','001',19),('QS3WIP530WT059941','001',19),('RIZTDYYGYS8802889','003',19),('U18BDQFC4ZV145556','001',19),('U18BDQFC4ZV145556','002',19),('UUWQM04TSAR411514','001',19),('Y1DN8H2LGE6552424','001',19),('YOIOCT8QVK8729970','002',19),('YOIOCT8QVK8729970','003',19),('0JF8RY7F203586325','001',20),('2JJYDSM8ONT301410','001',20),('2JJYDSM8ONT301410','003',20),('2P0M0KIT617709587','001',20),('31WBMVJRBOT808956','001',20),('35F4JXSH0HA820194','001',20),('4MXLVV84A6C633165','004',20),('635UCNTTHIF575495','002',20),('6KWLNKZW7TB480162','002',20),('761PGMYLX0T843950','004',20),('7E5LCY5NETS057532','006',20),('7QIC6ZYHPQP552709','002',20),('7UNLIZIDGDO334562','004',20),('8KJNJ10WXLA842695','003',20),('8QC0CE5XB6N801356','002',20),('A7LI8UIU28Q222693','004',20),('C3FOQPRK48B009537','002',20),('CZIU7B73Q86955353','004',20),('EEC7DB0AVX8841803','001',20),('G11UA2D181O142111','003',20),('GLJRT76OYH0767251','001',20),('GLJRT76OYH0767251','002',20),('H8V4P7W7UDF905029','004',20),('JQWZHRE1QQC616191','003',20),('P7JYBE6FM26738497','001',20),('S125FSF82QY167812','001',20),('T2QRUXJS5OY889240','001',20),('VGDTPF85FW3798103','002',20),('VGDTPF85FW3798103','003',20),('W0568WGO5WJ438874','002',20),('YKDLFUYBDYA762942','002',20),('ZIOUZCIZ0X5709697','001',20);
/*!40000 ALTER TABLE `PartOrder` ENABLE KEYS */;
UNLOCK TABLES;

--
-- Table structure for table `POPart`
--

DROP TABLE IF EXISTS `POPart`;
/*!40101 SET @saved_cs_client     = @@character_set_client */;
/*!40101 SET character_set_client = utf8 */;
CREATE TABLE `POPart` (
  `id` int(11) NOT NULL AUTO_INCREMENT,
  `VIN` varchar(20) COLLATE utf8mb4_general_ci NOT NULL,
  `order_index` varchar(20) COLLATE utf8mb4_general_ci NOT NULL,
  `part_num` varchar(20) COLLATE utf8mb4_general_ci NOT NULL,
  `status` varchar(20) COLLATE utf8mb4_general_ci NOT NULL DEFAULT 'ordered',
  `price` decimal(8,2) NOT NULL,
  PRIMARY KEY (`id`),
  KEY `fk_part_po` (`VIN`,`order_index`),
  KEY `fk_po_part` (`part_num`),
  CONSTRAINT `fk_part_po` FOREIGN KEY (`VIN`, `order_index`) REFERENCES `partorder` (`VIN`, `order_index`),
  CONSTRAINT `fk_po_part` FOREIGN KEY (`part_num`) REFERENCES `part` (`part_num`)
) ENGINE=InnoDB AUTO_INCREMENT=1666 DEFAULT CHARSET=utf8mb4 COLLATE=utf8mb4_general_ci;
/*!40101 SET character_set_client = @saved_cs_client */;

--
-- Dumping data for table `POPart`
--

LOCK TABLES `POPart` WRITE;
/*!40000 ALTER TABLE `POPart` DISABLE KEYS */;
INSERT INTO `POPart` VALUES (1,'1NVXI5JXG3Q330243','002','DN-EAES0109','installed',30.23),(2,'W0VVANUKDUY874182','002','HI-EAES0109','installed',48.79),(3,'5KP0CNPH5CW303661','002','MH-EAES0109','installed',8.19),(4,'GX7M6O4V208624783','004','OE-EAES0109','installed',6.64),(5,'OENGRAALQH3524656','002','RN-EAES0109','installed',123.18),(6,'DF6PFCH0AEX087065','001','SO-EAES0109','installed',52.30),(7,'UHTZCO50NI6402584','002','SO-EAES0109','installed',23.12),(8,'3DKKMGIZ7YP000949','003','SS-EAES0109','ordered',13.20),(9,'FF386522UXW088260','001','BX-EAES0114','installed',22.43),(10,'PXZGV28A8KN434243','002','BX-EAES0114','installed',19.99),(11,'6KWLNKZW7TB480162','001','DN-EAES0114','installed',91.30),(12,'8ER23OFXZ1E916228','001','OH-EAES0114','ordered',29.77),(13,'R5CKHASBUY3271404','001','OH-EAES0114','received',31.77),(14,'W7BJ0WMT3F1988589','001','OH-EAES0114','installed',45.44),(15,'ZIOUZCIZ0X5709697','003','RN-EAES0114','installed',8.15),(16,'RM7H44T3Y51383174','001','SS-EAES0114','installed',130.27),(17,'YUSPPHQSZAJ981823','001','SS-EAES0114','ordered',13.67),(18,'X6PGCLX142L353015','004','ZT-EAES0114','installed',13.95),(19,'W65LU27EIAI574094','003','ZY-EAES0114','installed',83.48),(20,'G0OMKKQI3ON337813','002','FH-PACBS0164','ordered',21.17),(21,'UDI7LAGS7QL483060','004','FH-PACBS0164','installed',85.32),(22,'LLDC1OCSTQ1651823','001','HI-PACBS0164','installed',43.81),(23,'RIZTDYYGYS8802889','004','PP-PACBS0164','received',64.05),(24,'A7LI8UIU28Q222693','001','RN-PACBS0164','installed',41.36),(25,'761PGMYLX0T843950','002','ZN-PACBS0164','installed',61.02),(26,'8QC0CE5XB6N801356','004','ZY-PACBS0164','installed',51.31),(27,'ZWW7VOTXOEE355574','001','DN-PACBS0165','installed',46.54),(28,'QX26HKQMAEQ650690','002','HI-PACBS0165','ordered',25.38),(29,'22IBT631ZQB560111','001','MH-PACBS0165','installed',54.59),(30,'6RQECM8EO3O323457','001','SX-PACBS0165','installed',51.65),(31,'X6PGCLX142L353015','001','XM-PACBS0165','installed',51.64),(32,'NC0WM0W6U38530017','002','ZY-PACBS0165','installed',13.92),(33,'T8VKW8BVR4S799169','002','BX-EAEM0132','installed',56.63),(34,'5KP0CNPH5CW303661','002','MH-EAEM0132','installed',37.10),(35,'QI0DMNKRDZJ539897','002','MH-EAEM0132','installed',19.44),(36,'53WEVPX7H4X102116','003','OA-EAEM0132','installed',64.13),(37,'MNBU50BFAWY569945','001','SO-EAEM0132','installed',53.27),(38,'ZIOUZCIZ0X5709697','002','ZY-EAEM0132','installed',12.00),(39,'BKMITEBY1EN848184','003','DN-PACBS0192','ordered',32.25),(40,'FQQN4F0Y2Y4911016','003','DN-PACBS0192','ordered',145.89),(41,'8KJNJ10WXLA842695','001','HI-PACBS0192','installed',42.59),(42,'8OU7JH0IJU6315337','001','MH-PACBS0192','installed',56.32),(43,'B6DYAUVZOLO290932','004','OA-PACBS0192','installed',61.26),(44,'2MHCSVAPEB8589057','001','RN-PACBS0192','installed',29.21),(45,'5JK48AIE01F557082','004','RN-PACBS0192','installed',28.90),(46,'FC5IOH7WXUG049482','002','RN-PACBS0192','installed',21.98),(47,'OOXPL1JMKRX336822','002','RN-PACBS0192','installed',16.87),(48,'V4JVFR4YRS7140562','001','SS-PACBS0192','installed',63.85),(49,'68OADH2QPOS933812','006','SE-PACBS0192','installed',26.97),(50,'UFU8XLWSHBR469828','001','SE-PACBS0192','installed',19.27),(51,'VYTVYSIRWI8110696','002','ZT-PACBS0192','received',46.89),(52,'2A8QZNBMXTP305324','001','BX-EAEWH0128','installed',16.62),(53,'OTU0G7AR2Y1800976','002','HI-EAEWH0128','installed',36.52),(54,'5JK48AIE01F557082','002','OE-EAEWH0128','installed',96.53),(55,'1TY0OZ6776O551065','002','PP-EAEWH0128','installed',51.34),(56,'5R18GDSB3CM032341','001','PP-EAEWH0128','received',7.18),(57,'EBZZN84J0L1163524','005','SO-EAEWH0128','installed',4.26),(58,'761PGMYLX0T843950','002','ZN-EAEWH0128','installed',68.15),(59,'ONCCSRDH8DG971376','002','ZN-EAEWH0128','ordered',37.24),(60,'8T3FRD4XLHS244610','001','ZT-EAEWH0128','ordered',83.01),(61,'FH3BO3MF7F8943017','003','FH-EAES0093','ordered',147.49),(62,'4TSP05XM3T7777863','001','HI-EAES0093','installed',36.12),(63,'5N8JUSLD214397601','002','KS-EAES0093','installed',80.10),(64,'AEDKYKWVSR5009618','004','SO-EAES0093','installed',38.12),(65,'ESYSVDN5WUF888037','002','SX-EAES0093','installed',51.31),(66,'VP0U4FNOL1Q272112','003','SX-EAES0093','installed',96.11),(67,'NSMNR56SEOU091726','001','XM-EAES0093','installed',103.93),(68,'KZS5B30QSTV993892','004','ZN-EAES0093','received',155.86),(69,'YOIOCT8QVK8729970','001','ZN-EAES0093','installed',15.41),(70,'4PQ5C344WM2161232','002','ZT-EAES0093','installed',14.72),(71,'C3FOQPRK48B009537','004','ZT-EAES0093','ordered',7.80),(72,'VGDTPF85FW3798103','001','ZY-EAES0093','installed',36.04),(73,'3DKKMGIZ7YP000949','001','HI-EAEM0133','installed',10.43),(74,'0O3JJPHBUAP199412','001','MH-EAEM0133','received',7.79),(75,'22IBT631ZQB560111','003','OA-EAEM0133','received',3.23),(76,'VGDTPF85FW3798103','004','OE-EAEM0133','installed',13.39),(77,'YUSPPHQSZAJ981823','001','SS-EAEM0133','ordered',10.59),(78,'VP0U4FNOL1Q272112','004','SE-EAEM0133','installed',123.24),(79,'30TKOS7OOZE898754','003','BX-EAECS0048','installed',76.93),(80,'K3E2NL0ALH6201724','003','DN-EAECS0048','installed',42.64),(81,'2P0M0KIT617709587','004','FH-EAECS0048','installed',114.43),(82,'ZIOUZCIZ0X5709697','001','GT-EAECS0048','installed',30.54),(83,'FLFOADSEVDJ743887','001','HI-EAECS0048','ordered',0.23),(84,'O05A7ND5MR4856060','002','OA-EAECS0048','installed',93.57),(85,'75JPSZY0BUP284256','001','OH-EAECS0048','installed',101.44),(86,'GG7T8HJFVBJ354520','001','SS-EAECS0048','received',24.22),(87,'3ZQSQH7KCWX963150','001','HI-EAECS0049','installed',6.74),(88,'P7JYBE6FM26738497','002','MH-EAECS0049','installed',12.73),(89,'FQQN4F0Y2Y4911016','002','PP-EAECS0049','ordered',232.98),(90,'UFU8XLWSHBR469828','001','SE-EAECS0049','installed',20.87),(91,'VP0U4FNOL1Q272112','001','SX-EAECS0049','installed',76.60),(92,'NSMNR56SEOU091726','003','OE-EAECS0050','installed',156.66),(93,'5N8JUSLD214397601','005','OH-EAECS0050','installed',58.74),(94,'7E5LCY5NETS057532','004','DN-EAECS0051','installed',21.69),(95,'UDI7LAGS7QL483060','004','FH-EAECS0051','installed',39.92),(96,'1RYAWHVZXTT082005','003','SE-EAECS0051','received',29.48),(97,'6AHSK5ZQ35S410112','001','SE-EAECS0051','received',46.10),(98,'PA2KWUOB26B493992','001','ZN-EAECS0051','installed',92.72),(99,'0S57SUJ4IC1640897','001','DN-EAEGAM0062','received',189.39),(100,'UVZX51MOHHZ350304','003','DN-EAEGAM0062','ordered',10.91),(101,'A2YAQD6KDWM503404','002','FH-EAEGAM0062','received',111.56),(102,'C3FOQPRK48B009537','001','OE-EAEGAM0062','received',93.23),(103,'OLSEKFK5ZQ6130350','004','SE-EAEGAM0062','installed',20.81),(104,'C3FOQPRK48B009537','003','SX-EAEGAM0062','received',65.37),(105,'31WBMVJRBOT808956','003','ZY-EAEGAM0062','installed',63.50),(106,'OWWSKLAS7QX817356','004','ZY-EAEGAM0062','installed',20.34),(107,'AHCTXZIUNLT990408','003','DN-PACBS0166','received',14.91),(108,'YKDLFUYBDYA762942','002','GT-PACBS0166','installed',68.68),(109,'XNXLS5I71MA658964','002','HI-PACBS0166','installed',80.52),(110,'DBX6KOCPLNA744149','001','KS-PACBS0166','installed',12.84),(111,'R5CKHASBUY3271404','002','MH-PACBS0166','received',77.57),(112,'J2E2YCGES38415781','001','PP-PACBS0166','received',62.81),(113,'W237VB7JQCR328314','002','SS-PACBS0166','installed',29.40),(114,'N5W5FFXWBXO904639','001','BX-EAEAD0041','installed',31.27),(115,'N7UGS5V1OX0015212','002','BX-EAEAD0041','received',96.04),(116,'PXZGV28A8KN434243','001','BX-EAEAD0041','installed',35.93),(117,'HHZ4SJBSKCM132962','001','KS-EAEAD0041','received',75.07),(118,'K0JT3JN6GHR755604','003','MH-EAEAD0041','installed',33.79),(119,'OLSEKFK5ZQ6130350','005','OH-EAEAD0041','installed',4.00),(120,'2A8QZNBMXTP305324','002','SS-EAEAD0041','installed',33.42),(121,'J2E2YCGES38415781','002','XM-EAEAD0041','installed',18.99),(122,'R2WXKMHKPXO142205','001','ZN-EAEAD0041','ordered',90.30),(123,'5N8JUSLD214397601','003','BX-EAEAD0042','installed',5.84),(124,'3LMQEJ637DV562400','003','HI-EAEAD0042','installed',48.08),(125,'8T3FRD4XLHS244610','002','RN-EAEAD0042','installed',122.53),(126,'Q1JHCKXK6DM600820','001','XM-EAEAD0042','installed',10.33),(127,'K0JT3JN6GHR755604','002','ZN-EAEAD0042','installed',51.70),(128,'8HVXXFQ4M58279132','002','BX-PACBS0163','installed',3.33),(129,'CKP0OYNPTQV900997','005','BX-PACBS0163','installed',15.11),(130,'53WEVPX7H4X102116','005','DN-PACBS0163','installed',17.54),(131,'0JF8RY7F203586325','001','GT-PACBS0163','installed',22.41),(132,'CKP0OYNPTQV900997','003','KS-PACBS0163','installed',119.33),(133,'U18BDQFC4ZV145556','002','KS-PACBS0163','installed',28.69),(134,'53WEVPX7H4X102116','003','OA-PACBS0163','installed',6.26),(135,'EBZZN84J0L1163524','006','OE-PACBS0163','installed',86.37),(136,'68OADH2QPOS933812','004','OH-PACBS0163','installed',13.26),(137,'T2QRUXJS5OY889240','005','PP-PACBS0163','ordered',30.65),(138,'NC50WA1NW00659248','001','SS-PACBS0163','installed',55.36),(139,'M6J2KWLLUKW587077','002','ZN-PACBS0163','installed',160.01),(140,'OYSBYKKMW7W431727','003','DN-EAES0094','ordered',39.03),(141,'2JJYDSM8ONT301410','001','GT-EAES0094','installed',71.01),(142,'EBDPUOZW0UW750384','001','HI-EAES0094','installed',15.35),(143,'CKP0OYNPTQV900997','001','KS-EAES0094','installed',70.60),(144,'Y1DN8H2LGE6552424','001','KS-EAES0094','installed',65.04),(145,'J5JOI16OKT3791181','001','PP-EAES0094','installed',22.39),(146,'JQWZHRE1QQC616191','002','RN-EAES0094','installed',36.16),(147,'1NVXI5JXG3Q330243','006','SS-EAES0094','ordered',130.92),(148,'O5TDAJX7MJE979632','001','SS-EAES0094','installed',17.07),(149,'618DR7M1L2G015076','001','SE-EAES0094','ordered',95.75),(150,'PXZGV28A8KN434243','001','BX-ICS0153','installed',63.49),(151,'PXZGV28A8KN434243','002','BX-ICS0153','installed',51.81),(152,'G05OT6PRY0O583244','001','FH-ICS0153','installed',59.49),(153,'7QIC6ZYHPQP552709','001','MH-ICS0153','installed',61.18),(154,'TD41PRPBYNQ799837','001','SS-ICS0153','ordered',65.14),(155,'GX7M6O4V208624783','003','XM-ICS0153','installed',53.70),(156,'AXEV4VONGOV055454','003','HI-EAEESS0053','installed',210.86),(157,'W237VB7JQCR328314','001','HI-EAEESS0053','installed',11.25),(158,'4G1Z11HOQ3P797692','001','KS-EAEESS0053','installed',304.85),(159,'FF386522UXW088260','003','KS-EAEESS0053','installed',9.11),(160,'M6J2KWLLUKW587077','001','MH-EAEESS0053','installed',14.94),(161,'S125FSF82QY167812','004','MH-EAEESS0053','installed',108.28),(162,'OLSEKFK5ZQ6130350','001','OA-EAEESS0053','installed',17.89),(163,'16VZ2D5K2UA224265','003','OH-EAEESS0053','installed',34.43),(164,'7E5LCY5NETS057532','005','RN-EAEESS0053','ordered',42.78),(165,'FC5IOH7WXUG049482','002','RN-EAEESS0053','ordered',28.82),(166,'ZWW7VOTXOEE355574','002','SS-EAEESS0053','installed',95.04),(167,'GX7M6O4V208624783','003','XM-EAEESS0053','installed',15.37),(168,'K0JT3JN6GHR755604','002','ZN-EAEESS0053','installed',38.99),(169,'PT0IZH2QSM5433241','002','ZY-EAEESS0053','installed',16.22),(170,'8QC0CE5XB6N801356','003','BX-EAEESS0055','ordered',40.54),(171,'FZ1HFZ585WR955503','001','FH-EAEESS0055','installed',25.20),(172,'014YJPHOCI4928433','001','HI-EAEESS0055','installed',48.10),(173,'CLEGAGVNX62265577','003','MH-EAEESS0055','installed',33.32),(174,'QX26HKQMAEQ650690','003','OA-EAEESS0055','installed',2.28),(175,'ZYJSI0PV1BK763098','001','OH-EAEESS0055','ordered',110.97),(176,'5A12HXO5U8T698581','001','RN-EAEESS0055','installed',8.40),(177,'OOXPL1JMKRX336822','002','RN-EAEESS0055','installed',64.71),(178,'ZHWDPEKYMVO700411','004','RN-EAEESS0055','installed',216.76),(179,'J2E2YCGES38415781','002','XM-EAEESS0055','installed',107.35),(180,'YOIOCT8QVK8729970','001','ZN-EAEESS0055','installed',7.63),(181,'7O8R4N0I445396787','001','BX-EAEESS0057','received',103.76),(182,'2JJYDSM8ONT301410','003','GT-EAEESS0057','ordered',9.40),(183,'GG7T8HJFVBJ354520','004','KS-EAEESS0057','installed',3.55),(184,'VGDTPF85FW3798103','004','OE-EAEESS0057','installed',1.12),(185,'Q1JHCKXK6DM600820','001','XM-EAEESS0057','installed',50.37),(186,'XJZQEGWAV7Q033418','002','ZY-EAEESS0057','installed',6.90),(187,'ZHWDPEKYMVO700411','001','BX-EAEESS0056','installed',381.83),(188,'U18BDQFC4ZV145556','001','KS-EAEESS0056','installed',18.92),(189,'ND31ETCB3XK917122','001','MH-EAEESS0056','received',51.66),(190,'UVZX51MOHHZ350304','001','OA-EAEESS0056','received',9.13),(191,'635UCNTTHIF575495','001','OH-EAEESS0056','installed',29.70),(192,'RM7H44T3Y51383174','001','SS-EAEESS0056','installed',92.08),(193,'6DBY3C036JZ509895','002','SX-EAEESS0056','installed',14.73),(194,'B0VBO26AVSF452216','004','SX-EAEESS0056','ordered',19.58),(195,'2JJYDSM8ONT301410','002','ZN-EAEESS0056','ordered',96.68),(196,'QX26HKQMAEQ650690','001','ZN-EAEESS0056','installed',36.40),(197,'7UNLIZIDGDO334562','004','GT-EAEESS0058','installed',127.41),(198,'YRAKHFEO0D1858938','002','MH-EAEESS0058','installed',103.88),(199,'C15HS5VBR7W535537','001','SO-EAEESS0058','received',126.07),(200,'S125FSF82QY167812','005','SO-EAEESS0058','installed',46.62),(201,'UFU8XLWSHBR469828','004','SE-EAEESS0058','installed',12.81),(202,'XJZQEGWAV7Q033418','001','DN-EAEESS0059','installed',27.64),(203,'68OADH2QPOS933812','001','FH-EAEESS0059','installed',5.71),(204,'DF6PFCH0AEX087065','004','FH-EAEESS0059','installed',4.88),(205,'F2Q618FX05Z072513','001','KS-EAEESS0059','installed',64.38),(206,'U18BDQFC4ZV145556','001','KS-EAEESS0059','installed',14.11),(207,'6U7HLHZK3GP057957','001','OA-EAEESS0059','ordered',81.74),(208,'KU7WAYY7WVW387657','001','OE-EAEESS0059','installed',92.45),(209,'8HVXXFQ4M58279132','001','PP-EAEESS0059','installed',8.34),(210,'BKMITEBY1EN848184','001','SX-EAEESS0059','received',1.72),(211,'5HJ7JGARQY7410384','002','OE-EAEESS0060','installed',25.08),(212,'MNBU50BFAWY569945','001','SO-EAEESS0060','installed',7.95),(213,'1SW1IVG7FRC996431','001','SS-EAEESS0060','installed',4.61),(214,'RM7H44T3Y51383174','001','SS-EAEESS0060','ordered',67.47),(215,'O4YTYHUUGAY861024','004','SE-EAEESS0060','installed',208.55),(216,'CLEGAGVNX62265577','004','ZT-EAEESS0060','installed',23.57),(217,'HF61EINCEKB377113','004','ZY-EAEESS0060','ordered',12.21),(218,'5JK48AIE01F557082','003','OA-ICS0154','installed',83.83),(219,'1TY0OZ6776O551065','001','SE-ICS0154','installed',46.67),(220,'GX7M6O4V208624783','005','ZN-ICS0154','installed',46.38),(221,'YB15CELIOAD030337','003','FH-PACBS0167','installed',25.12),(222,'24PJSOHL7AV555541','006','OA-PACBS0167','received',58.82),(223,'KU7WAYY7WVW387657','001','OE-PACBS0167','installed',33.60),(224,'H8V4P7W7UDF905029','002','RN-PACBS0167','installed',9.91),(225,'UHTZCO50NI6402584','004','SS-PACBS0167','installed',97.67),(226,'24PJSOHL7AV555541','004','SE-PACBS0167','installed',63.66),(227,'ESYSVDN5WUF888037','002','SX-PACBS0167','installed',37.08),(228,'C3FOQPRK48B009537','004','ZT-PACBS0167','received',22.69),(229,'1TYZPWJUY8S534217','002','BX-BAE0000','installed',19.26),(230,'5JK48AIE01F557082','005','BX-BAE0000','installed',15.48),(231,'53WEVPX7H4X102116','005','DN-BAE0000','installed',76.47),(232,'QYJ40J7KB2A426113','002','DN-BAE0000','installed',5.55),(233,'YB15CELIOAD030337','003','FH-BAE0000','installed',7.06),(234,'31WBMVJRBOT808956','001','GT-BAE0000','installed',29.26),(235,'T2QRUXJS5OY889240','001','GT-BAE0000','received',15.72),(236,'68OADH2QPOS933812','004','OH-BAE0000','installed',24.37),(237,'XJZQEGWAV7Q033418','005','PP-BAE0000','installed',28.59),(238,'S125FSF82QY167812','002','SO-BAE0000','installed',84.05),(239,'GIKGHMM5MB3457530','001','ZN-BAE0000','installed',66.83),(240,'HQC4QIGI5R0047396','001','ZT-BAE0000','installed',62.51),(241,'618DR7M1L2G015076','002','HI-PACBS0169','ordered',65.10),(242,'2P0M0KIT617709587','003','KS-PACBS0169','received',113.63),(243,'K0JT3JN6GHR755604','003','MH-PACBS0169','installed',15.91),(244,'KGXXM02N16Y917081','002','RN-PACBS0169','installed',19.79),(245,'KY0VD426W8P596125','001','SO-PACBS0169','installed',9.92),(246,'RIZTDYYGYS8802889','002','SS-PACBS0169','installed',15.95),(247,'R2WXKMHKPXO142205','001','ZN-PACBS0169','received',107.90),(248,'QI0DMNKRDZJ539897','004','ZY-PACBS0169','received',17.43),(249,'5N8JUSLD214397601','003','BX-PACBS0168','installed',94.25),(250,'FLFOADSEVDJ743887','001','HI-PACBS0168','ordered',3.00),(251,'22IBT631ZQB560111','004','KS-PACBS0168','received',58.66),(252,'GG7T8HJFVBJ354520','004','KS-PACBS0168','installed',4.74),(253,'HF61EINCEKB377113','001','MH-PACBS0168','ordered',51.33),(254,'24PJSOHL7AV555541','006','OA-PACBS0168','ordered',71.72),(255,'OLSEKFK5ZQ6130350','003','OE-PACBS0168','installed',0.39),(256,'8QC0CE5XB6N801356','001','OH-PACBS0168','installed',43.78),(257,'B8SSPH58WRS521686','002','OH-PACBS0168','installed',19.02),(258,'2MHCSVAPEB8589057','001','RN-PACBS0168','installed',67.80),(259,'OLSEKFK5ZQ6130350','002','RN-PACBS0168','installed',26.59),(260,'4MXLVV84A6C633165','002','SS-PACBS0168','installed',65.51),(261,'A2YAQD6KDWM503404','001','SS-PACBS0168','ordered',111.93),(262,'3LQVMGKNRTE915571','001','SE-PACBS0168','received',107.28),(263,'VYTVYSIRWI8110696','001','ZN-PACBS0168','received',42.28),(264,'3LMQEJ637DV562400','004','ZT-PACBS0168','installed',17.97),(265,'W7BJ0WMT3F1988589','003','FH-PACBS0191','installed',37.71),(266,'A7LI8UIU28Q222693','004','GT-PACBS0191','installed',11.14),(267,'OEZQ7C5Q4IU531061','002','HI-PACBS0191','installed',28.92),(268,'A7LI8UIU28Q222693','002','MH-PACBS0191','installed',54.56),(269,'UFU8XLWSHBR469828','002','OH-PACBS0191','installed',1.70),(270,'8SL0YJUFMTV627191','003','RN-PACBS0191','installed',47.65),(271,'O05A7ND5MR4856060','001','SS-PACBS0191','installed',38.11),(272,'NC0WM0W6U38530017','001','SX-PACBS0191','installed',25.94),(273,'YRAKHFEO0D1858938','001','XM-PACBS0191','installed',57.31),(274,'5KP0CNPH5CW303661','001','HI-PACBS0170','installed',50.91),(275,'635UCNTTHIF575495','001','OH-PACBS0170','ordered',4.93),(276,'AJW0OF78HVS865152','002','XM-PACBS0170','received',15.05),(277,'31WBMVJRBOT808956','003','ZY-PACBS0170','installed',157.97),(278,'1NVXI5JXG3Q330243','003','KS-PACBS0171','received',3.37),(279,'5A77A0KQT4Q738091','002','KS-PACBS0171','installed',21.02),(280,'CKP0OYNPTQV900997','001','KS-PACBS0171','installed',93.93),(281,'5KP0CNPH5CW303661','002','MH-PACBS0171','installed',29.65),(282,'B6DYAUVZOLO290932','003','MH-PACBS0171','received',75.11),(283,'QI0DMNKRDZJ539897','006','SO-PACBS0171','ordered',22.94),(284,'UY0J2ZE2WC4929234','002','XM-PACBS0171','received',58.06),(285,'8OU7JH0IJU6315337','002','FH-PACBS0172','installed',79.63),(286,'3ZQSQH7KCWX963150','001','HI-PACBS0172','installed',6.25),(287,'0OE58G1RATR240921','001','KS-PACBS0172','installed',17.09),(288,'T2QRUXJS5OY889240','003','RN-PACBS0172','installed',92.43),(289,'SB0II3RK4J8108311','002','SE-PACBS0172','installed',99.23),(290,'3UZC10YHEMA746460','001','SX-PACBS0172','installed',1119.92),(291,'B6DYAUVZOLO290932','002','SX-PACBS0172','received',26.45),(292,'UDI7LAGS7QL483060','001','XM-PACBS0172','installed',51.23),(293,'68OADH2QPOS933812','005','ZT-PACBS0172','installed',40.54),(294,'U0IW6RMXF3E643006','001','ZT-PACBS0172','installed',56.38),(295,'8KJNJ10WXLA842695','002','DN-PACBS0193','installed',61.76),(296,'ZIOUZCIZ0X5709697','004','DN-PACBS0193','installed',11.14),(297,'KFWC2DGXLXB344224','001','FH-PACBS0193','received',33.04),(298,'5HIL3GKIIB7639416','001','OA-PACBS0193','installed',11.74),(299,'TEMYOH4852J438131','002','OE-PACBS0193','received',32.01),(300,'DU400SRFFTR031554','001','SO-PACBS0193','installed',23.73),(301,'0OE58G1RATR240921','002','SS-PACBS0193','received',91.32),(302,'O5TDAJX7MJE979632','001','SS-PACBS0193','installed',33.44),(303,'3LQVMGKNRTE915571','001','SE-PACBS0193','ordered',47.74),(304,'AZJAEE6WIG0491218','001','SX-PACBS0193','installed',37.66),(305,'4MXLVV84A6C633165','006','ZN-PACBS0193','installed',110.02),(306,'M8D0UVAUJWA611757','002','ZN-PACBS0193','installed',86.36),(307,'U0IW6RMXF3E643006','001','ZT-PACBS0193','installed',86.59),(308,'ZWW7VOTXOEE355574','003','ZY-PACBS0193','installed',59.40),(309,'W0568WGO5WJ438874','001','HI-PACBS0173','ordered',10.75),(310,'M8D0UVAUJWA611757','003','KS-PACBS0173','ordered',32.29),(311,'RIZTDYYGYS8802889','004','PP-PACBS0173','received',124.23),(312,'HRDP63I3VLX490165','002','SO-PACBS0173','installed',10.71),(313,'EBZZN84J0L1163524','002','SS-PACBS0173','installed',17.18),(314,'RY17GJBS8P0724570','001','SE-PACBS0173','installed',72.30),(315,'B0VBO26AVSF452216','003','SX-PACBS0173','ordered',1.16),(316,'GYAJMGYERH5049742','001','XM-PACBS0173','installed',44.33),(317,'7O8R4N0I445396787','005','ZN-PACBS0173','ordered',46.90),(318,'HF61EINCEKB377113','002','ZN-PACBS0173','received',16.97),(319,'FLFOADSEVDJ743887','002','BX-PACBS0182','installed',2.68),(320,'K3E2NL0ALH6201724','003','DN-PACBS0182','installed',17.37),(321,'O4YTYHUUGAY861024','001','KS-PACBS0182','installed',0.21),(322,'VGDTPF85FW3798103','005','ZT-PACBS0182','installed',9.52),(323,'1PHWGTVKSC5888281','001','BX-PACBS0174','installed',28.88),(324,'KIYLR1R5Q58616843','002','DN-PACBS0174','ordered',45.84),(325,'EEC7DB0AVX8841803','001','GT-PACBS0174','received',37.92),(326,'A7LI8UIU28Q222693','002','MH-PACBS0174','installed',47.96),(327,'KGZT23UL65F408436','001','OA-PACBS0174','installed',40.77),(328,'OWWSKLAS7QX817356','001','OH-PACBS0174','installed',60.22),(329,'UQHSQ06Y242436882','001','PP-PACBS0174','ordered',13.87),(330,'N7UGS5V1OX0015212','003','SS-PACBS0174','installed',24.35),(331,'VP0U4FNOL1Q272112','003','SX-PACBS0174','installed',128.88),(332,'W65LU27EIAI574094','002','FH-PACBS0175','installed',31.69),(333,'31WBMVJRBOT808956','001','GT-PACBS0175','installed',114.27),(334,'5KP0CNPH5CW303661','002','MH-PACBS0175','installed',16.66),(335,'JJJCTN8VPQ2786297','003','MH-PACBS0175','installed',9.15),(336,'G05OT6PRY0O583244','003','OA-PACBS0175','installed',16.15),(337,'J5JOI16OKT3791181','001','PP-PACBS0175','installed',2.30),(338,'D4G0CTZMD2X930012','003','RN-PACBS0175','installed',16.86),(339,'5JK48AIE01F557082','001','SS-PACBS0175','installed',88.24),(340,'GG7T8HJFVBJ354520','001','SS-PACBS0175','received',41.51),(341,'O05A7ND5MR4856060','003','DN-PACBS0176','installed',93.93),(342,'0OE58G1RATR240921','001','KS-PACBS0176','received',86.25),(343,'1TY0OZ6776O551065','002','PP-PACBS0176','installed',24.24),(344,'A7LI8UIU28Q222693','001','RN-PACBS0176','installed',19.17),(345,'A1NMYTKAQVI515298','002','DN-PACBS0177','installed',63.61),(346,'DF6PFCH0AEX087065','004','FH-PACBS0177','installed',49.29),(347,'W65LU27EIAI574094','002','FH-PACBS0177','installed',135.67),(348,'3LQVMGKNRTE915571','002','HI-PACBS0177','installed',26.26),(349,'7O8R4N0I445396787','003','KS-PACBS0177','ordered',23.45),(350,'3LQVMGKNRTE915571','003','MH-PACBS0177','received',12.87),(351,'VFRZ3NRGP3T720592','001','MH-PACBS0177','installed',19.08),(352,'C3FOQPRK48B009537','001','OE-PACBS0177','installed',50.52),(353,'G11UA2D181O142111','001','SE-PACBS0177','installed',68.46),(354,'ONCCSRDH8DG971376','002','ZN-PACBS0177','ordered',41.41),(355,'QI0DMNKRDZJ539897','001','ZY-PACBS0177','received',9.44),(356,'XVHDHEYM76N276701','002','ZY-PACBS0177','installed',57.55),(357,'VFRZ3NRGP3T720592','001','MH-PACBS0178','installed',21.82),(358,'W7BJ0WMT3F1988589','001','OH-PACBS0178','installed',14.19),(359,'UVZX51MOHHZ350304','002','SS-PACBS0178','ordered',16.69),(360,'5N8JUSLD214397601','001','SE-PACBS0178','installed',16.51),(361,'SB0II3RK4J8108311','002','SE-PACBS0178','installed',23.84),(362,'YKDLFUYBDYA762942','001','SE-PACBS0178','installed',89.58),(363,'UY0J2ZE2WC4929234','002','XM-PACBS0178','installed',161.34),(364,'DBX6KOCPLNA744149','002','ZT-PACBS0178','installed',36.21),(365,'PXZGV28A8KN434243','001','BX-PACBS0179','installed',47.92),(366,'X6PGCLX142L353015','003','DN-PACBS0179','installed',3.47),(367,'VGDTPF85FW3798103','003','GT-PACBS0179','installed',46.48),(368,'UUWQM04TSAR411514','003','HI-PACBS0179','installed',49.60),(369,'ZWW7VOTXOEE355574','002','SS-PACBS0179','installed',20.81),(370,'MAMDBMJQE5N094237','002','XM-PACBS0179','installed',49.94),(371,'8KJNJ10WXLA842695','001','HI-PACBS0180','installed',27.53),(372,'RKZ4SH0SHZI670624','001','HI-PACBS0180','installed',56.52),(373,'B0VBO26AVSF452216','002','OH-PACBS0180','ordered',45.96),(374,'EEC7DB0AVX8841803','004','PP-PACBS0180','ordered',44.43),(375,'V4JVFR4YRS7140562','001','SS-PACBS0180','received',200.36),(376,'761PGMYLX0T843950','002','ZN-PACBS0180','installed',17.92),(377,'FC5IOH7WXUG049482','001','ZN-PACBS0180','installed',22.93),(378,'AEDKYKWVSR5009618','005','ZY-PACBS0180','installed',96.12),(379,'8HVXXFQ4M58279132','002','BX-PACBS0181','installed',16.44),(380,'A1NMYTKAQVI515298','003','DN-PACBS0181','installed',98.90),(381,'JJJCTN8VPQ2786297','002','DN-PACBS0181','installed',45.02),(382,'LLDC1OCSTQ1651823','001','HI-PACBS0181','received',61.43),(383,'O4YTYHUUGAY861024','002','HI-PACBS0181','installed',195.83),(384,'7QIC6ZYHPQP552709','001','MH-PACBS0181','installed',54.71),(385,'AHCTXZIUNLT990408','006','OE-PACBS0181','received',31.20),(386,'U18BDQFC4ZV145556','003','OE-PACBS0181','installed',11.07),(387,'H8V4P7W7UDF905029','002','RN-PACBS0181','installed',49.78),(388,'AHCTXZIUNLT990408','005','SO-PACBS0181','received',19.61),(389,'OOXPL1JMKRX336822','001','SX-PACBS0181','installed',7.50),(390,'MAMDBMJQE5N094237','002','XM-PACBS0181','installed',0.63),(391,'GIKGHMM5MB3457530','001','ZN-PACBS0181','installed',17.32),(392,'QI0DMNKRDZJ539897','002','MH-PACBS0184','ordered',16.40),(393,'AEDKYKWVSR5009618','001','OA-PACBS0184','installed',43.52),(394,'GX7M6O4V208624783','004','OE-PACBS0184','installed',32.60),(395,'4MXLVV84A6C633165','001','OH-PACBS0184','installed',40.58),(396,'AHCTXZIUNLT990408','004','OH-PACBS0184','received',53.10),(397,'HRKE60F31H6918971','001','PP-PACBS0184','installed',39.53),(398,'A4YNNJNA3YO795177','002','SO-PACBS0184','received',34.13),(399,'0OE58G1RATR240921','002','SS-PACBS0184','installed',47.16),(400,'A4YNNJNA3YO795177','001','SX-PACBS0184','ordered',9.87),(401,'53WEVPX7H4X102116','005','DN-ICS0155','installed',56.45),(402,'AXEV4VONGOV055454','002','DN-ICS0155','installed',35.48),(403,'1TYZPWJUY8S534217','001','FH-ICS0155','installed',50.17),(404,'RKZ4SH0SHZI670624','001','HI-ICS0155','installed',11.45),(405,'3LQVMGKNRTE915571','003','MH-ICS0155','received',141.96),(406,'KGZT23UL65F408436','001','OA-ICS0155','received',25.54),(407,'GIOLVCOW6FP335188','002','OE-ICS0155','installed',35.46),(408,'ZHWDPEKYMVO700411','004','RN-ICS0155','installed',332.00),(409,'RIZTDYYGYS8802889','001','SO-ICS0155','installed',35.67),(410,'N7UGS5V1OX0015212','001','SX-ICS0155','ordered',100.18),(411,'2JJYDSM8ONT301410','002','ZN-ICS0155','ordered',71.14),(412,'QI0DMNKRDZJ539897','004','ZY-ICS0155','installed',34.35),(413,'GG7T8HJFVBJ354520','003','FH-BAE0001','received',9.68),(414,'JJJCTN8VPQ2786297','003','MH-BAE0001','installed',3.90),(415,'30TKOS7OOZE898754','002','PP-BAE0001','installed',88.27),(416,'J2E2YCGES38415781','002','XM-BAE0001','ordered',10.12),(417,'O6FN2LHJYJP625193','001','DN-PACBS0185','installed',5.14),(418,'GG7T8HJFVBJ354520','003','FH-PACBS0185','received',15.95),(419,'8QC0CE5XB6N801356','002','GT-PACBS0185','installed',57.55),(420,'B8SSPH58WRS521686','004','HI-PACBS0185','installed',13.42),(421,'6DBY3C036JZ509895','001','MH-PACBS0185','installed',37.48),(422,'30TKOS7OOZE898754','002','PP-PACBS0185','installed',53.14),(423,'F4N3GC225MT163583','002','SS-PACBS0185','ordered',40.43),(424,'AXEV4VONGOV055454','001','ZN-PACBS0185','installed',422.69),(425,'2A8QZNBMXTP305324','001','BX-PACBS0186','installed',63.56),(426,'8XV8E2COQQ0978402','001','DN-PACBS0186','installed',76.45),(427,'K3E2NL0ALH6201724','003','DN-PACBS0186','received',32.47),(428,'34LPXEKDI4K738049','001','MH-PACBS0186','installed',107.51),(429,'EBZZN84J0L1163524','004','OA-PACBS0186','installed',19.65),(430,'H8V4P7W7UDF905029','002','RN-PACBS0186','installed',7.98),(431,'TD41PRPBYNQ799837','001','SS-PACBS0186','installed',91.83),(432,'OLSEKFK5ZQ6130350','004','SE-PACBS0186','installed',22.59),(433,'J2E2YCGES38415781','002','XM-PACBS0186','ordered',97.64),(434,'5JK48AIE01F557082','006','ZY-PACBS0186','installed',12.83),(435,'QI0DMNKRDZJ539897','003','BX-EAES0095','installed',22.69),(436,'ZHWDPEKYMVO700411','003','FH-EAES0095','installed',8.61),(437,'31WBMVJRBOT808956','002','KS-EAES0095','installed',21.27),(438,'13AVT0QCFFF714899','001','OA-EAES0095','installed',3.84),(439,'CLEGAGVNX62265577','002','OH-EAES0095','installed',19.43),(440,'5GJZF82LII6385235','004','RN-EAES0095','installed',8.25),(441,'HRDP63I3VLX490165','002','SO-EAES0095','installed',63.08),(442,'YOIOCT8QVK8729970','004','SS-EAES0095','installed',16.23),(443,'VP0U4FNOL1Q272112','003','SX-EAES0095','installed',37.22),(444,'1RYAWHVZXTT082005','004','XM-EAES0095','installed',160.96),(445,'X3SCPDYFXR1281696','001','XM-EAES0095','installed',34.68),(446,'B6DYAUVZOLO290932','001','FH-IFCAP0151','received',31.55),(447,'OYSBYKKMW7W431727','002','FH-IFCAP0151','ordered',7.55),(448,'C3FOQPRK48B009537','002','GT-IFCAP0151','received',57.27),(449,'3DKKMGIZ7YP000949','001','HI-IFCAP0151','ordered',7.66),(450,'RKZ4SH0SHZI670624','001','HI-IFCAP0151','installed',48.95),(451,'EFWM866BVP1512173','001','OA-IFCAP0151','installed',93.71),(452,'AXEV4VONGOV055454','004','PP-IFCAP0151','installed',463.70),(453,'4MXLVV84A6C633165','002','SS-IFCAP0151','installed',88.76),(454,'OYSBYKKMW7W431727','001','SS-IFCAP0151','received',3.18),(455,'1NVXI5JXG3Q330243','005','SX-IFCAP0151','received',5.39),(456,'NSMNR56SEOU091726','001','XM-IFCAP0151','installed',18.73),(457,'AXEV4VONGOV055454','001','ZN-IFCAP0151','installed',506.96),(458,'8T3FRD4XLHS244610','001','ZT-IFCAP0151','installed',115.30),(459,'VYTVYSIRWI8110696','002','ZT-IFCAP0151','received',41.33),(460,'QYJ40J7KB2A426113','004','ZY-IFCAP0151','installed',66.64),(461,'6KWLNKZW7TB480162','002','GT-IFCAP0152','installed',5.82),(462,'5R18GDSB3CM032341','003','KS-IFCAP0152','received',49.23),(463,'EEC7DB0AVX8841803','002','OA-IFCAP0152','installed',25.97),(464,'C15HS5VBR7W535537','002','PP-IFCAP0152','installed',27.80),(465,'HE08QS6227G217277','001','PP-IFCAP0152','installed',47.10),(466,'N75ES1SYYPY249965','002','SO-IFCAP0152','installed',156.49),(467,'AEDKYKWVSR5009618','003','SX-IFCAP0152','installed',47.19),(468,'M8D0UVAUJWA611757','002','ZN-IFCAP0152','received',88.35),(469,'B8SSPH58WRS521686','001','ZY-IFCAP0152','installed',44.82),(470,'BKMITEBY1EN848184','003','DN-EAEM0134','ordered',24.60),(471,'ZIOUZCIZ0X5709697','001','GT-EAEM0134','installed',11.45),(472,'GG7T8HJFVBJ354520','004','KS-EAEM0134','ordered',32.19),(473,'PXZGV28A8KN434243','003','OA-EAEM0134','installed',43.37),(474,'35F4JXSH0HA820194','002','SS-EAEM0134','installed',15.82),(475,'AZJAEE6WIG0491218','002','SE-EAEM0134','received',50.50),(476,'B0VBO26AVSF452216','003','SX-EAEM0134','ordered',38.62),(477,'QS3WIP530WT059941','002','SX-EAEM0134','installed',39.37),(478,'GX7M6O4V208624783','006','SE-BAED0032','installed',45.12),(479,'YKDLFUYBDYA762942','001','SE-BAED0032','installed',9.81),(480,'KZS5B30QSTV993892','002','ZN-BAED0032','received',119.86),(481,'PA2KWUOB26B493992','001','ZN-BAED0032','installed',76.65),(482,'CN7453KYD25674641','002','ZT-BAED0032','received',111.75),(483,'MNUX8DKOOQR070763','001','ZT-BAED0032','installed',26.69),(484,'3LMQEJ637DV562400','001','FH-EAEM0135','installed',39.45),(485,'FF386522UXW088260','003','KS-EAEM0135','installed',34.65),(486,'30TKOS7OOZE898754','001','OA-EAEM0135','installed',76.22),(487,'761PGMYLX0T843950','003','OA-EAEM0135','installed',20.29),(488,'6DBY3C036JZ509895','004','OE-EAEM0135','installed',17.52),(489,'OLSEKFK5ZQ6130350','003','OE-EAEM0135','installed',41.82),(490,'HRDP63I3VLX490165','001','OH-EAEM0135','installed',49.63),(491,'VP0U4FNOL1Q272112','002','SO-EAEM0135','installed',97.00),(492,'7O8R4N0I445396787','004','SX-EAEM0135','received',88.33),(493,'QYJ40J7KB2A426113','003','HI-ICS0156','installed',83.00),(494,'GG7T8HJFVBJ354520','005','KS-ICS0156','ordered',12.69),(495,'U18BDQFC4ZV145556','001','KS-ICS0156','installed',3.99),(496,'NSMNR56SEOU091726','002','OA-ICS0156','installed',129.23),(497,'YT768PDJ0NU591276','001','OE-ICS0156','installed',75.61),(498,'OEZQ7C5Q4IU531061','001','OH-ICS0156','installed',28.21),(499,'OENGRAALQH3524656','002','RN-ICS0156','received',99.95),(500,'HRDP63I3VLX490165','002','SO-ICS0156','installed',3.42),(501,'TD41PRPBYNQ799837','002','SE-ICS0156','installed',12.07),(502,'4TSP05XM3T7777863','001','HI-EAEGAM0063','installed',301.14),(503,'618DR7M1L2G015076','002','HI-EAEGAM0063','received',83.96),(504,'H0NTC0VHQRA123485','001','HI-EAEGAM0063','installed',58.70),(505,'1NVXI5JXG3Q330243','003','KS-EAEGAM0063','installed',39.50),(506,'GLJRT76OYH0767251','003','KS-EAEGAM0063','installed',88.65),(507,'4YXU2TN1NJU843634','001','RN-EAEGAM0063','installed',59.09),(508,'CZIU7B73Q86955353','001','SX-EAEGAM0063','installed',81.78),(509,'7UNLIZIDGDO334562','002','XM-EAEGAM0063','installed',123.47),(510,'KFWC2DGXLXB344224','001','FH-EAEIS0075','ordered',35.10),(511,'MQRWSH8TDSA328716','001','FH-EAEIS0075','installed',47.28),(512,'8OU7JH0IJU6315337','001','MH-EAEIS0075','installed',63.26),(513,'AEDKYKWVSR5009618','001','OA-EAEIS0075','installed',47.56),(514,'KU7WAYY7WVW387657','001','OE-EAEIS0075','installed',39.22),(515,'N7UGS5V1OX0015212','003','SS-EAEIS0075','ordered',53.25),(516,'SB0II3RK4J8108311','002','SE-EAEIS0075','installed',115.79),(517,'7O8R4N0I445396787','005','ZN-EAEIS0075','installed',99.68),(518,'HQC4QIGI5R0047396','001','ZT-EAEIS0075','installed',53.66),(519,'GG7T8HJFVBJ354520','003','FH-PACBS0187','received',44.36),(520,'YB15CELIOAD030337','003','FH-PACBS0187','installed',47.26),(521,'7E5LCY5NETS057532','006','GT-PACBS0187','installed',12.94),(522,'22IBT631ZQB560111','004','KS-PACBS0187','installed',10.24),(523,'22IBT631ZQB560111','001','MH-PACBS0187','installed',87.48),(524,'CZIU7B73Q86955353','002','MH-PACBS0187','received',78.49),(525,'HF61EINCEKB377113','001','MH-PACBS0187','received',54.47),(526,'OEZQ7C5Q4IU531061','001','OH-PACBS0187','installed',33.55),(527,'R5CKHASBUY3271404','001','OH-PACBS0187','ordered',73.54),(528,'GLJRT76OYH0767251','004','PP-PACBS0187','installed',170.84),(529,'PHRGFZ1JX1M009627','002','SO-PACBS0187','installed',47.98),(530,'VP0U4FNOL1Q272112','001','SX-PACBS0187','installed',49.84),(531,'ONCCSRDH8DG971376','002','ZN-PACBS0187','ordered',8.20),(532,'2JJYDSM8ONT301410','003','GT-BAE0004','ordered',90.87),(533,'35F4JXSH0HA820194','001','GT-BAE0004','installed',4.60),(534,'UVZX51MOHHZ350304','001','OA-BAE0004','installed',63.90),(535,'J2E2YCGES38415781','001','PP-BAE0004','ordered',59.53),(536,'0S57SUJ4IC1640897','004','SS-BAE0004','ordered',199.58),(537,'1RYAWHVZXTT082005','001','SE-BAE0004','installed',22.57),(538,'UHTZCO50NI6402584','003','SE-BAE0004','installed',4.72),(539,'T8VKW8BVR4S799169','001','ZY-BAE0004','installed',41.43),(540,'FLFOADSEVDJ743887','002','BX-EAES0096','ordered',32.26),(541,'2P0M0KIT617709587','004','FH-EAES0096','received',106.21),(542,'W0568WGO5WJ438874','001','HI-EAES0096','received',60.54),(543,'761PGMYLX0T843950','003','OA-EAES0096','installed',21.30),(544,'R5CKHASBUY3271404','001','OH-EAES0096','received',1.69),(545,'UFU8XLWSHBR469828','002','OH-EAES0096','installed',28.13),(546,'GLJRT76OYH0767251','004','PP-EAES0096','installed',228.78),(547,'HRKE60F31H6918971','001','PP-EAES0096','installed',21.90),(548,'T2QRUXJS5OY889240','003','RN-EAES0096','installed',77.22),(549,'68OADH2QPOS933812','006','SE-EAES0096','installed',13.75),(550,'UFU8XLWSHBR469828','004','SE-EAES0096','installed',26.31),(551,'K3E2NL0ALH6201724','002','FH-EAEM0136','ordered',1.57),(552,'KFWC2DGXLXB344224','001','FH-EAEM0136','installed',0.34),(553,'NLS6KSCMBLK635055','001','OE-EAEM0136','installed',42.97),(554,'YUSPPHQSZAJ981823','002','SS-EAEM0136','installed',111.36),(555,'AXEV4VONGOV055454','001','ZN-EAEM0136','installed',252.32),(556,'6AHSK5ZQ35S410112','002','ZY-EAEM0136','ordered',20.05),(557,'1TYZPWJUY8S534217','002','BX-BAE0005','ordered',49.34),(558,'FF386522UXW088260','001','BX-BAE0005','installed',26.07),(559,'6DBY3C036JZ509895','004','OE-BAE0005','installed',19.73),(560,'FQQN4F0Y2Y4911016','004','PP-BAE0005','received',26.12),(561,'YB15CELIOAD030337','001','RN-BAE0005','installed',23.77),(562,'G11UA2D181O142111','001','SE-BAE0005','received',82.32),(563,'UFU8XLWSHBR469828','001','SE-BAE0005','installed',36.55),(564,'ESYSVDN5WUF888037','002','SX-BAE0005','installed',6.38),(565,'YOIOCT8QVK8729970','001','ZN-BAE0005','installed',29.79),(566,'VGDTPF85FW3798103','005','ZT-BAE0005','installed',33.87),(567,'CN7453KYD25674641','001','ZY-BAE0005','installed',58.96),(568,'CKP0OYNPTQV900997','002','OA-EAEIS0076','installed',23.41),(569,'KGXXM02N16Y917081','001','OH-EAEIS0076','installed',60.60),(570,'MSCYTFN5DLQ797580','001','RN-EAEIS0076','installed',43.04),(571,'GG7T8HJFVBJ354520','001','SS-EAEIS0076','ordered',3.72),(572,'OOXPL1JMKRX336822','001','SX-EAEIS0076','installed',85.36),(573,'O6FN2LHJYJP625193','002','XM-EAEIS0076','installed',41.16),(574,'UFU8XLWSHBR469828','003','XM-EAEIS0076','installed',11.79),(575,'4PQ5C344WM2161232','002','ZT-EAEIS0076','installed',14.05),(576,'KUQE1AIER17796884','001','ZT-EAEIS0076','installed',59.61),(577,'VLB5X8345HA615648','002','FH-BAED0030','ordered',46.85),(578,'4YXU2TN1NJU843634','002','KS-BAED0030','installed',64.44),(579,'GIOLVCOW6FP335188','002','OE-BAED0030','installed',10.72),(580,'HF61EINCEKB377113','005','OE-BAED0030','ordered',17.74),(581,'FF386522UXW088260','002','SO-BAED0030','installed',63.17),(582,'QI0DMNKRDZJ539897','006','SO-BAED0030','received',1.57),(583,'OYSBYKKMW7W431727','001','SS-BAED0030','ordered',4.33),(584,'BKMITEBY1EN848184','001','SX-BAED0030','received',3.98),(585,'UDI7LAGS7QL483060','003','BX-BAED0023','installed',80.39),(586,'24PJSOHL7AV555541','001','DN-BAED0023','received',30.13),(587,'8SL0YJUFMTV627191','001','DN-BAED0023','installed',42.70),(588,'6KWLNKZW7TB480162','002','GT-BAED0023','installed',51.38),(589,'CZIU7B73Q86955353','004','GT-BAED0023','ordered',55.24),(590,'S125FSF82QY167812','001','GT-BAED0023','installed',71.41),(591,'T2QRUXJS5OY889240','001','GT-BAED0023','installed',26.92),(592,'BKMITEBY1EN848184','004','MH-BAED0023','ordered',9.87),(593,'V0Y7R3VOND6385099','002','MH-BAED0023','installed',58.79),(594,'AC4ZIL5XS7B075565','001','OE-BAED0023','installed',27.79),(595,'B0VBO26AVSF452216','002','OH-BAED0023','received',38.06),(596,'AHCTXZIUNLT990408','005','SO-BAED0023','ordered',4.26),(597,'RIZTDYYGYS8802889','001','SO-BAED0023','ordered',120.65),(598,'AZJAEE6WIG0491218','001','SX-BAED0023','received',12.75),(599,'YRAKHFEO0D1858938','001','XM-BAED0023','installed',44.10),(600,'68OADH2QPOS933812','005','ZT-BAED0023','installed',2.62),(601,'H8V4P7W7UDF905029','001','ZT-BAED0023','installed',28.31),(602,'T8VKW8BVR4S799169','002','BX-EAEM0137','installed',12.96),(603,'FZ1HFZ585WR955503','001','FH-EAEM0137','installed',7.13),(604,'OYSBYKKMW7W431727','002','FH-EAEM0137','ordered',5.14),(605,'6DBY3C036JZ509895','001','MH-EAEM0137','installed',11.74),(606,'JJJCTN8VPQ2786297','003','MH-EAEM0137','installed',0.14),(607,'AEDKYKWVSR5009618','001','OA-EAEM0137','installed',31.36),(608,'EEC7DB0AVX8841803','002','OA-EAEM0137','received',72.99),(609,'6DBY3C036JZ509895','003','OE-EAEM0137','installed',50.72),(610,'DF6PFCH0AEX087065','003','OE-EAEM0137','installed',33.60),(611,'AGIIPKOGTOH069031','001','OH-EAEM0137','installed',19.55),(612,'VP0U4FNOL1Q272112','002','SO-EAEM0137','installed',72.51),(613,'AXEV4VONGOV055454','002','DN-BAED0026','installed',363.54),(614,'W0568WGO5WJ438874','002','GT-BAED0026','installed',37.26),(615,'ESYSVDN5WUF888037','003','HI-BAED0026','installed',3.45),(616,'OA2AULLS70C156569','001','HI-BAED0026','installed',37.10),(617,'0O3JJPHBUAP199412','002','KS-BAED0026','installed',23.29),(618,'Q1JHCKXK6DM600820','002','SO-BAED0026','installed',54.52),(619,'X6PGCLX142L353015','001','XM-BAED0026','installed',2.04),(620,'7O8R4N0I445396787','003','KS-BAED0027','received',8.01),(621,'AEDKYKWVSR5009618','002','SO-BAED0027','installed',64.60),(622,'QS3WIP530WT059941','003','SO-BAED0027','installed',43.57),(623,'N7UGS5V1OX0015212','001','SX-BAED0027','ordered',39.97),(624,'MAMDBMJQE5N094237','002','XM-BAED0027','installed',37.61),(625,'FQQN4F0Y2Y4911016','001','ZN-BAED0027','installed',131.09),(626,'1SW1IVG7FRC996431','002','ZT-BAED0027','installed',52.85),(627,'6U7HLHZK3GP057957','004','PP-EAES0120','installed',74.39),(628,'A7LI8UIU28Q222693','001','RN-EAES0120','installed',24.99),(629,'MNBU50BFAWY569945','001','SO-EAES0120','installed',51.27),(630,'UHTZCO50NI6402584','003','SE-EAES0120','installed',93.14),(631,'CLEGAGVNX62265577','004','ZT-EAES0120','installed',20.81),(632,'T2QRUXJS5OY889240','002','ZY-EAES0120','received',42.27),(633,'W7BJ0WMT3F1988589','004','ZY-EAES0120','installed',11.81),(634,'FLFOADSEVDJ743887','002','BX-BAED0028','received',17.83),(635,'635UCNTTHIF575495','002','GT-BAED0028','installed',5.53),(636,'JQWZHRE1QQC616191','003','GT-BAED0028','installed',18.01),(637,'TEMYOH4852J438131','001','OH-BAED0028','installed',66.11),(638,'UQHSQ06Y242436882','001','PP-BAED0028','received',2.98),(639,'4MXLVV84A6C633165','002','SS-BAED0028','installed',96.50),(640,'OWWSKLAS7QX817356','005','SS-BAED0028','installed',70.19),(641,'68OADH2QPOS933812','003','SX-BAED0028','installed',8.46),(642,'A7LI8UIU28Q222693','003','BX-PACBS0188','installed',3.93),(643,'QI0DMNKRDZJ539897','003','BX-PACBS0188','ordered',1.34),(644,'G11UA2D181O142111','003','GT-PACBS0188','received',48.29),(645,'OLSEKFK5ZQ6130350','003','OE-PACBS0188','installed',18.55),(646,'JJJCTN8VPQ2786297','001','RN-PACBS0188','installed',20.36),(647,'YB15CELIOAD030337','001','RN-PACBS0188','installed',25.89),(648,'5GJZF82LII6385235','002','SS-PACBS0188','installed',7.52),(649,'1SW1IVG7FRC996431','002','ZT-PACBS0188','installed',26.33),(650,'U0IW6RMXF3E643006','002','FH-EAEGAM0064','installed',89.03),(651,'0OE58G1RATR240921','001','KS-EAEGAM0064','installed',28.39),(652,'XJZQEGWAV7Q033418','003','MH-EAEGAM0064','installed',3.80),(653,'75JPSZY0BUP284256','001','OH-EAEGAM0064','installed',88.96),(654,'AZJAEE6WIG0491218','002','SE-EAEGAM0064','received',14.80),(655,'NTLNBNESY0F523188','001','SE-EAEGAM0064','installed',5.44),(656,'5KP0CNPH5CW303661','003','XM-EAEGAM0064','installed',40.45),(657,'UY0J2ZE2WC4929234','002','XM-EAEGAM0064','installed',163.59),(658,'KUQE1AIER17796884','001','ZT-EAEGAM0064','installed',83.66),(659,'0S57SUJ4IC1640897','001','DN-EAEIS0077','received',332.68),(660,'A7LI8UIU28Q222693','004','GT-EAEIS0077','installed',15.53),(661,'W0VVANUKDUY874182','002','HI-EAEIS0077','installed',58.22),(662,'BKMITEBY1EN848184','002','KS-EAEIS0077','ordered',6.48),(663,'8OU7JH0IJU6315337','001','MH-EAEIS0077','installed',65.20),(664,'O05A7ND5MR4856060','002','OA-EAEIS0077','installed',94.98),(665,'AGIIPKOGTOH069031','002','OE-EAEIS0077','installed',2.61),(666,'PHRGFZ1JX1M009627','001','OH-EAEIS0077','installed',19.01),(667,'O4YTYHUUGAY861024','003','SS-EAEIS0077','received',182.41),(668,'AEDKYKWVSR5009618','003','SX-EAEIS0077','installed',58.71),(669,'OOXPL1JMKRX336822','001','SX-EAEIS0077','installed',102.28),(670,'GX7M6O4V208624783','003','XM-EAEIS0077','installed',21.87),(671,'NSMNR56SEOU091726','001','XM-EAEIS0077','installed',29.09),(672,'K0JT3JN6GHR755604','002','ZN-EAEIS0077','installed',27.76),(673,'KIYLR1R5Q58616843','001','ZN-EAEIS0077','ordered',2.47),(674,'DF6PFCH0AEX087065','002','ZT-EAEIS0077','installed',8.34),(675,'VLB5X8345HA615648','002','FH-EAELASS0083','ordered',57.71),(676,'W237VB7JQCR328314','001','HI-EAELASS0083','installed',20.81),(677,'YUSPPHQSZAJ981823','001','SS-EAELASS0083','received',4.05),(678,'H8V4P7W7UDF905029','003','SE-EAELASS0083','installed',63.30),(679,'AEDKYKWVSR5009618','005','ZY-EAELASS0083','installed',90.74),(680,'FF386522UXW088260','001','BX-EAEWH0129','installed',74.28),(681,'73MVKB63GMJ964569','001','FH-EAEWH0129','installed',132.47),(682,'S125FSF82QY167812','001','GT-EAEWH0129','installed',118.86),(683,'W237VB7JQCR328314','004','HI-EAEWH0129','installed',47.99),(684,'Z7SSR7QXU3H868079','001','HI-EAEWH0129','installed',27.09),(685,'46B8UPAQCVW796829','002','KS-EAEWH0129','installed',52.78),(686,'A7LI8UIU28Q222693','002','MH-EAEWH0129','installed',20.11),(687,'VLB5X8345HA615648','001','MH-EAEWH0129','received',16.35),(688,'MNUX8DKOOQR070763','002','OA-EAEWH0129','installed',112.73),(689,'A7LI8UIU28Q222693','001','RN-EAEWH0129','installed',24.40),(690,'46B8UPAQCVW796829','003','SX-EAEWH0129','installed',37.83),(691,'DF6PFCH0AEX087065','005','BX-EAEM0138','installed',11.76),(692,'R2WXKMHKPXO142205','002','BX-EAEM0138','received',146.29),(693,'CLEGAGVNX62265577','001','FH-EAEM0138','installed',9.06),(694,'34LPXEKDI4K738049','001','MH-EAEM0138','installed',113.08),(695,'8QC0CE5XB6N801356','001','OH-EAEM0138','received',46.32),(696,'T2QRUXJS5OY889240','002','ZY-EAEM0138','ordered',59.46),(697,'XJZQEGWAV7Q033418','002','ZY-EAEM0138','installed',11.58),(698,'4YXU2TN1NJU843634','002','KS-EAEM0139','installed',38.79),(699,'5A77A0KQT4Q738091','002','KS-EAEM0139','installed',23.61),(700,'7UNLIZIDGDO334562','001','OE-EAEM0139','installed',105.54),(701,'OLSEKFK5ZQ6130350','005','OH-EAEM0139','installed',28.51),(702,'KY0VD426W8P596125','001','SO-EAEM0139','installed',46.43),(703,'TD41PRPBYNQ799837','003','SO-EAEM0139','ordered',72.52),(704,'UHTZCO50NI6402584','003','SE-EAEM0139','installed',47.06),(705,'QYJ40J7KB2A426113','001','ZN-EAEM0139','installed',1.30),(706,'FF386522UXW088260','003','KS-EAES0097','installed',34.54),(707,'OA2AULLS70C156569','002','OE-EAES0097','installed',34.83),(708,'T8VKW8BVR4S799169','003','OE-EAES0097','installed',108.08),(709,'G40AQJDVI68882229','001','SX-EAES0097','installed',4.38),(710,'VP0U4FNOL1Q272112','003','SX-EAES0097','installed',107.52),(711,'1SW1IVG7FRC996431','002','ZT-EAES0097','installed',37.25),(712,'VYTVYSIRWI8110696','002','ZT-EAES0097','received',52.71),(713,'8HVXXFQ4M58279132','002','BX-BAE0003','installed',28.73),(714,'22IBT631ZQB560111','002','OE-BAE0003','installed',10.85),(715,'5JK48AIE01F557082','002','OE-BAE0003','installed',91.16),(716,'7E5LCY5NETS057532','002','PP-BAE0003','ordered',1.15),(717,'5JK48AIE01F557082','001','SS-BAE0003','installed',63.56),(718,'ZXLGMAQXH21862670','001','SS-BAE0003','installed',118.60),(719,'AZJAEE6WIG0491218','001','SX-BAE0003','received',12.38),(720,'B6DYAUVZOLO290932','002','SX-BAE0003','received',74.51),(721,'PA2KWUOB26B493992','001','ZN-BAE0003','installed',5.51),(722,'GG7T8HJFVBJ354520','003','FH-BAE0006','received',23.21),(723,'GLJRT76OYH0767251','002','GT-BAE0006','installed',225.09),(724,'LLDC1OCSTQ1651823','001','HI-BAE0006','ordered',47.32),(725,'W0568WGO5WJ438874','001','HI-BAE0006','installed',2.93),(726,'OA2AULLS70C156569','002','OE-BAE0006','installed',30.45),(727,'OEZQ7C5Q4IU531061','001','OH-BAE0006','installed',31.74),(728,'0S57SUJ4IC1640897','005','PP-BAE0006','ordered',9.57),(729,'OENGRAALQH3524656','002','RN-BAE0006','installed',73.45),(730,'AEDKYKWVSR5009618','004','SO-BAE0006','installed',54.58),(731,'MQRWSH8TDSA328716','002','XM-BAE0006','installed',24.68),(732,'4MXLVV84A6C633165','005','ZN-BAE0006','installed',68.43),(733,'3LMQEJ637DV562400','004','ZT-BAE0006','installed',44.12),(734,'5JK48AIE01F557082','005','BX-ICS0157','installed',76.62),(735,'2JJYDSM8ONT301410','001','GT-ICS0157','received',87.56),(736,'B8SSPH58WRS521686','004','HI-ICS0157','installed',36.19),(737,'5GJZF82LII6385235','003','KS-ICS0157','installed',15.76),(738,'5N8JUSLD214397601','004','OH-ICS0157','installed',79.78),(739,'1RYAWHVZXTT082005','002','PP-ICS0157','ordered',79.63),(740,'2A8QZNBMXTP305324','002','SS-ICS0157','installed',51.78),(741,'OYSBYKKMW7W431727','002','FH-BAE0007','ordered',7.16),(742,'XNXLS5I71MA658964','002','HI-BAE0007','installed',85.00),(743,'22IBT631ZQB560111','004','KS-BAE0007','received',82.14),(744,'Y1DN8H2LGE6552424','001','KS-BAE0007','installed',26.43),(745,'ND31ETCB3XK917122','002','MH-BAE0007','received',40.90),(746,'13AVT0QCFFF714899','001','OA-BAE0007','installed',196.00),(747,'GX7M6O4V208624783','001','PP-BAE0007','installed',23.09),(748,'ZXLGMAQXH21862670','002','PP-BAE0007','received',91.47),(749,'O6FN2LHJYJP625193','001','DN-EAELASS0084','installed',72.69),(750,'5R18GDSB3CM032341','001','PP-EAELASS0084','ordered',66.10),(751,'5A12HXO5U8T698581','001','RN-EAELASS0084','installed',1.78),(752,'3UZC10YHEMA746460','002','ZN-EAELASS0084','ordered',1213.90),(753,'EBDPUOZW0UW750384','002','ZT-EAELASS0084','installed',75.91),(754,'UUWQM04TSAR411514','003','HI-EAES0127','installed',5.45),(755,'YB15CELIOAD030337','002','MH-EAES0127','installed',25.40),(756,'D4G0CTZMD2X930012','003','RN-EAES0127','installed',4.20),(757,'7UNLIZIDGDO334562','005','ZN-EAES0127','installed',31.60),(758,'W65LU27EIAI574094','001','FH-BAE0008','installed',75.16),(759,'7E5LCY5NETS057532','006','GT-BAE0008','ordered',32.34),(760,'0S57SUJ4IC1640897','003','HI-BAE0008','received',324.17),(761,'CZIU7B73Q86955353','002','MH-BAE0008','received',68.77),(762,'1TY0OZ6776O551065','002','PP-BAE0008','installed',4.97),(763,'3UZC10YHEMA746460','002','ZN-BAE0008','received',872.18),(764,'HF61EINCEKB377113','002','ZN-BAE0008','received',56.47),(765,'EBZZN84J0L1163524','003','DN-BAE0009','installed',24.04),(766,'QYJ40J7KB2A426113','002','DN-BAE0009','installed',19.82),(767,'2P0M0KIT617709587','005','FH-BAE0009','received',7.06),(768,'HHZ4SJBSKCM132962','001','KS-BAE0009','installed',223.17),(769,'1SW1IVG7FRC996431','001','SS-BAE0009','installed',3.22),(770,'C3FOQPRK48B009537','004','ZT-BAE0009','ordered',72.95),(771,'HQC4QIGI5R0047396','001','ZT-BAE0009','installed',61.62),(772,'UDI7LAGS7QL483060','002','ZY-BAE0009','installed',21.96),(773,'PXZGV28A8KN434243','002','BX-BAE0017','installed',63.08),(774,'QS3WIP530WT059941','001','KS-BAE0017','installed',95.09),(775,'CZIU7B73Q86955353','002','MH-BAE0017','received',54.48),(776,'6DBY3C036JZ509895','003','OE-BAE0017','installed',56.90),(777,'D4G0CTZMD2X930012','003','RN-BAE0017','installed',19.11),(778,'VP0U4FNOL1Q272112','002','SO-BAE0017','installed',130.85),(779,'YOIOCT8QVK8729970','004','SS-BAE0017','installed',34.54),(780,'M6J2KWLLUKW587077','002','ZN-BAE0017','installed',64.06),(781,'KUQE1AIER17796884','001','ZT-BAE0017','installed',37.42),(782,'ONCCSRDH8DG971376','001','ZT-BAE0017','installed',43.62),(783,'AB8O6IWO8YG995749','001','ZY-BAE0017','installed',53.63),(784,'2A8QZNBMXTP305324','001','BX-EAEGAM0065','installed',4.75),(785,'4MXLVV84A6C633165','004','GT-EAEGAM0065','installed',31.60),(786,'P7JYBE6FM26738497','001','GT-EAEGAM0065','installed',30.12),(787,'OTU0G7AR2Y1800976','002','HI-EAEGAM0065','installed',24.83),(788,'60BMLFB8XK5792806','001','PP-EAEGAM0065','ordered',44.47),(789,'EBZZN84J0L1163524','005','SO-EAEGAM0065','installed',45.94),(790,'AZJAEE6WIG0491218','002','SE-EAEGAM0065','received',29.05),(791,'P7JYBE6FM26738497','002','MH-EAES0098','installed',20.25),(792,'TEMYOH4852J438131','002','OE-EAES0098','installed',43.47),(793,'B8SSPH58WRS521686','002','OH-EAES0098','received',51.88),(794,'7O8R4N0I445396787','002','PP-EAES0098','received',122.06),(795,'1NVXI5JXG3Q330243','006','SS-EAES0098','ordered',40.50),(796,'GX7M6O4V208624783','005','ZN-EAES0098','installed',22.33),(797,'X6PGCLX142L353015','004','ZT-EAES0098','installed',6.28),(798,'VGDTPF85FW3798103','003','GT-EAEM0140','installed',21.35),(799,'GG7T8HJFVBJ354520','004','KS-EAEM0140','ordered',7.84),(800,'OWWSKLAS7QX817356','001','OH-EAEM0140','installed',31.22),(801,'PFWLPE5OM20960896','001','RN-EAEM0140','installed',30.63),(802,'BIUHHJZSI4O016585','001','SX-EAEM0140','received',65.95),(803,'G05OT6PRY0O583244','002','XM-EAEM0140','installed',10.08),(804,'A7LI8UIU28Q222693','003','BX-10141','installed',45.07),(805,'KIYLR1R5Q58616843','002','DN-10141','ordered',21.67),(806,'ESYSVDN5WUF888037','003','HI-10141','installed',36.29),(807,'5R18GDSB3CM032341','003','KS-10141','installed',37.38),(808,'EEC7DB0AVX8841803','002','OA-10141','installed',38.95),(809,'O05A7ND5MR4856060','004','OE-10141','installed',72.68),(810,'HE08QS6227G217277','001','PP-10141','installed',30.32),(811,'MSCYTFN5DLQ797580','002','PP-10141','installed',14.22),(812,'JQWZHRE1QQC616191','002','RN-10141','installed',26.02),(813,'5GJZF82LII6385235','002','SS-10141','installed',20.77),(814,'MQRWSH8TDSA328716','002','XM-10141','installed',5.03),(815,'53WEVPX7H4X102116','002','ZN-10141','installed',62.55),(816,'68OADH2QPOS933812','005','ZT-10141','installed',11.74),(817,'FLFOADSEVDJ743887','002','BX-BAEW0033','installed',26.11),(818,'KIYLR1R5Q58616843','002','DN-BAEW0033','ordered',31.36),(819,'6DBY3C036JZ509895','005','FH-BAEW0033','installed',4.79),(820,'R5CKHASBUY3271404','002','MH-BAEW0033','installed',55.00),(821,'JJJCTN8VPQ2786297','001','RN-BAEW0033','installed',30.17),(822,'1IXFVT6SR0P763165','001','BX-BAE0010','installed',92.27),(823,'CZIU7B73Q86955353','004','GT-BAE0010','installed',68.44),(824,'DBX6KOCPLNA744149','001','KS-BAE0010','installed',8.42),(825,'M6J2KWLLUKW587077','001','MH-BAE0010','installed',74.85),(826,'7UNLIZIDGDO334562','001','OE-BAE0010','installed',32.75),(827,'B8SSPH58WRS521686','003','PP-BAE0010','received',52.18),(828,'PT0IZH2QSM5433241','001','RN-BAE0010','installed',0.02),(829,'B8SSPH58WRS521686','001','ZY-BAE0010','installed',31.27),(830,'NC0WM0W6U38530017','002','ZY-BAE0010','installed',19.63),(831,'UDI7LAGS7QL483060','002','ZY-BAE0010','installed',112.51),(832,'HKABMRUAW8E433308','002','BX-EAELASS0085','installed',81.85),(833,'75JPSZY0BUP284256','002','DN-EAELASS0085','installed',27.47),(834,'W237VB7JQCR328314','001','HI-EAELASS0085','installed',39.50),(835,'6U7HLHZK3GP057957','003','KS-EAELASS0085','received',18.55),(836,'N75ES1SYYPY249965','001','KS-EAELASS0085','installed',67.84),(837,'CKP0OYNPTQV900997','002','OA-EAELASS0085','installed',5.97),(838,'KU7WAYY7WVW387657','003','OA-EAELASS0085','installed',14.66),(839,'OWWSKLAS7QX817356','003','OH-EAELASS0085','installed',5.39),(840,'B8SSPH58WRS521686','003','PP-EAELASS0085','ordered',52.52),(841,'DF6PFCH0AEX087065','001','SO-EAELASS0085','installed',5.19),(842,'H8V4P7W7UDF905029','003','SE-EAELASS0085','installed',13.64),(843,'KIYLR1R5Q58616843','002','DN-EAELASS0086','installed',21.67),(844,'W65LU27EIAI574094','001','FH-EAELASS0086','installed',98.84),(845,'O4YTYHUUGAY861024','002','HI-EAELASS0086','installed',68.15),(846,'G05OT6PRY0O583244','003','OA-EAELASS0086','installed',37.28),(847,'MNUX8DKOOQR070763','002','OA-EAELASS0086','installed',94.72),(848,'U18BDQFC4ZV145556','003','OE-EAELASS0086','installed',29.22),(849,'ZWW7VOTXOEE355574','002','SS-EAELASS0086','installed',86.67),(850,'53WEVPX7H4X102116','004','SE-EAELASS0086','installed',18.43),(851,'4PQ5C344WM2161232','001','BX-EAELASS0087','ordered',9.89),(852,'5JK48AIE01F557082','005','BX-EAELASS0087','installed',69.09),(853,'2P0M0KIT617709587','001','GT-EAELASS0087','installed',22.17),(854,'7QIC6ZYHPQP552709','002','GT-EAELASS0087','installed',69.13),(855,'014YJPHOCI4928433','001','HI-EAELASS0087','installed',22.04),(856,'O4YTYHUUGAY861024','002','HI-EAELASS0087','received',80.27),(857,'HHZ4SJBSKCM132962','001','KS-EAELASS0087','received',209.39),(858,'YOIOCT8QVK8729970','003','KS-EAELASS0087','installed',25.42),(859,'AXEV4VONGOV055454','005','SS-EAELASS0087','installed',322.65),(860,'3LMQEJ637DV562400','004','ZT-EAELASS0087','installed',4.23),(861,'CLEGAGVNX62265577','005','HI-ICS0158','installed',0.20),(862,'XJZQEGWAV7Q033418','003','MH-ICS0158','installed',19.11),(863,'HRDP63I3VLX490165','001','OH-ICS0158','installed',78.12),(864,'NIVJT1I8VH1312956','001','OH-ICS0158','installed',4.85),(865,'CKP0OYNPTQV900997','004','SO-ICS0158','installed',66.74),(866,'DF6PFCH0AEX087065','001','SO-ICS0158','installed',52.15),(867,'VP0U4FNOL1Q272112','002','SO-ICS0158','installed',35.69),(868,'NC50WA1NW00659248','001','SS-ICS0158','received',48.13),(869,'7UNLIZIDGDO334562','002','XM-ICS0158','installed',18.91),(870,'53WEVPX7H4X102116','002','ZN-ICS0158','installed',50.03),(871,'KZS5B30QSTV993892','003','ZT-ICS0158','received',95.33),(872,'ONCCSRDH8DG971376','001','ZT-ICS0158','received',12.93),(873,'24PJSOHL7AV555541','002','DN-BAED0029','installed',31.45),(874,'8SL0YJUFMTV627191','001','DN-BAED0029','installed',32.25),(875,'5A77A0KQT4Q738091','002','KS-BAED0029','installed',44.98),(876,'YB15CELIOAD030337','002','MH-BAED0029','installed',50.35),(877,'30TKOS7OOZE898754','002','PP-BAED0029','installed',59.29),(878,'RIZTDYYGYS8802889','004','PP-BAED0029','ordered',17.11),(879,'7UNLIZIDGDO334562','002','XM-BAED0029','installed',114.39),(880,'6KWLNKZW7TB480162','001','DN-PACBS0189','installed',59.66),(881,'GLJRT76OYH0767251','001','GT-PACBS0189','installed',259.28),(882,'0S57SUJ4IC1640897','003','HI-PACBS0189','received',9.06),(883,'M8D0UVAUJWA611757','003','KS-PACBS0189','ordered',23.23),(884,'PXZGV28A8KN434243','003','OA-PACBS0189','installed',41.89),(885,'K0JT3JN6GHR755604','001','SE-PACBS0189','installed',44.52),(886,'7UNLIZIDGDO334562','002','XM-PACBS0189','installed',94.52),(887,'1NVXI5JXG3Q330243','001','DN-PACBS0190','ordered',2.49),(888,'G0OMKKQI3ON337813','002','FH-PACBS0190','received',31.69),(889,'0JF8RY7F203586325','001','GT-PACBS0190','installed',14.36),(890,'5KP0CNPH5CW303661','001','HI-PACBS0190','installed',24.89),(891,'EBZZN84J0L1163524','004','OA-PACBS0190','installed',82.67),(892,'RKZ4SH0SHZI670624','002','SX-PACBS0190','installed',54.63),(893,'X6PGCLX142L353015','001','XM-PACBS0190','installed',27.12),(894,'QI0DMNKRDZJ539897','003','BX-PACBS0194','ordered',15.54),(895,'MQRWSH8TDSA328716','001','FH-PACBS0194','installed',24.42),(896,'7E5LCY5NETS057532','003','PP-PACBS0194','received',25.02),(897,'3LMQEJ637DV562400','004','ZT-PACBS0194','installed',26.24),(898,'4TSP05XM3T7777863','002','BX-EAEGAM0066','installed',204.58),(899,'ZHWDPEKYMVO700411','001','BX-EAEGAM0066','installed',319.16),(900,'EBZZN84J0L1163524','003','DN-EAEGAM0066','installed',80.21),(901,'0S57SUJ4IC1640897','003','HI-EAEGAM0066','installed',343.75),(902,'EEC7DB0AVX8841803','003','KS-EAEGAM0066','received',65.02),(903,'CKP0OYNPTQV900997','002','OA-EAEGAM0066','installed',87.39),(904,'PXZGV28A8KN434243','003','OA-EAEGAM0066','installed',53.46),(905,'Q1JHCKXK6DM600820','002','SO-EAEGAM0066','installed',10.99),(906,'UHTZCO50NI6402584','003','SE-EAEGAM0066','installed',204.67),(907,'FQQN4F0Y2Y4911016','001','ZN-EAEGAM0066','installed',196.79),(908,'GIKGHMM5MB3457530','001','ZN-EAEGAM0066','installed',95.65),(909,'G05OT6PRY0O583244','001','FH-EAEIS0078','installed',19.32),(910,'GIOLVCOW6FP335188','001','FH-EAEIS0078','installed',12.92),(911,'CZIU7B73Q86955353','004','GT-EAEIS0078','ordered',79.92),(912,'T2QRUXJS5OY889240','001','GT-EAEIS0078','ordered',95.05),(913,'OA2AULLS70C156569','001','HI-EAEIS0078','installed',12.77),(914,'FF386522UXW088260','003','KS-EAEIS0078','installed',14.58),(915,'RIZTDYYGYS8802889','003','KS-EAEIS0078','ordered',91.26),(916,'T2QRUXJS5OY889240','004','OA-EAEIS0078','received',83.46),(917,'5HJ7JGARQY7410384','002','OE-EAEIS0078','installed',96.99),(918,'68OADH2QPOS933812','002','SX-EAEIS0078','installed',13.41),(919,'635UCNTTHIF575495','004','XM-EAEIS0078','installed',20.16),(920,'CZIU7B73Q86955353','003','XM-EAEIS0078','received',32.15),(921,'W65LU27EIAI574094','002','FH-EAEIS0079','installed',77.55),(922,'EEC7DB0AVX8841803','001','GT-EAEIS0079','installed',76.56),(923,'B6DYAUVZOLO290932','003','MH-EAEIS0079','ordered',15.58),(924,'AHCTXZIUNLT990408','005','SO-EAEIS0079','installed',17.26),(925,'YKDLFUYBDYA762942','001','SE-EAEIS0079','installed',39.59),(926,'68OADH2QPOS933812','003','SX-EAEIS0079','installed',27.04),(927,'EBDPUOZW0UW750384','002','ZT-EAEIS0079','installed',57.63),(928,'DF6PFCH0AEX087065','005','BX-EAEIS0080','installed',52.43),(929,'W65LU27EIAI574094','001','FH-EAEIS0080','installed',22.01),(930,'O4YTYHUUGAY861024','002','HI-EAEIS0080','received',72.76),(931,'W7BJ0WMT3F1988589','001','OH-EAEIS0080','installed',39.97),(932,'OENGRAALQH3524656','002','RN-EAEIS0080','installed',96.84),(933,'2JJYDSM8ONT301410','002','ZN-EAEIS0080','ordered',82.09),(934,'761PGMYLX0T843950','002','ZN-EAEIS0080','installed',53.31),(935,'M8D0UVAUJWA611757','002','ZN-EAEIS0080','installed',96.79),(936,'VGDTPF85FW3798103','001','ZY-EAEIS0080','installed',38.01),(937,'24PJSOHL7AV555541','001','DN-EAEIS0081','installed',71.43),(938,'22IBT631ZQB560111','002','OE-EAEIS0081','ordered',58.41),(939,'5GJZF82LII6385235','001','OH-EAEIS0081','installed',11.01),(940,'FF386522UXW088260','001','BX-EAES0121','installed',75.75),(941,'0S57SUJ4IC1640897','003','HI-EAES0121','ordered',273.16),(942,'8QC0CE5XB6N801356','001','OH-EAES0121','received',39.20),(943,'5R18GDSB3CM032341','002','SX-EAES0121','ordered',0.11),(944,'7O8R4N0I445396787','004','SX-EAES0121','ordered',40.06),(945,'RKZ4SH0SHZI670624','002','SX-EAES0121','installed',49.66),(946,'YRAKHFEO0D1858938','001','XM-EAES0121','installed',4.95),(947,'DF6PFCH0AEX087065','002','ZT-EAES0121','installed',53.13),(948,'VGDTPF85FW3798103','005','ZT-EAES0121','installed',55.34),(949,'CZIU7B73Q86955353','002','MH-EAES0112','received',41.28),(950,'HIAW0SH7XKK539730','001','MH-EAES0112','installed',51.77),(951,'MML51CMHAQ5564453','001','MH-EAES0112','installed',91.20),(952,'OTU0G7AR2Y1800976','001','RN-EAES0112','installed',64.94),(953,'FQQN4F0Y2Y4911016','005','SO-EAES0112','received',92.04),(954,'UDI7LAGS7QL483060','001','XM-EAES0112','installed',12.40),(955,'KUQE1AIER17796884','002','ZN-EAES0112','installed',55.57),(956,'KZS5B30QSTV993892','003','ZT-EAES0112','ordered',124.30),(957,'6KWLNKZW7TB480162','001','DN-BAED0025','installed',88.68),(958,'24PJSOHL7AV555541','006','OA-BAED0025','ordered',48.53),(959,'B6DYAUVZOLO290932','004','OA-BAED0025','installed',34.28),(960,'ELXTVDBEOKI657593','001','OA-BAED0025','installed',20.60),(961,'6DBY3C036JZ509895','003','OE-BAED0025','installed',29.76),(962,'PHRGFZ1JX1M009627','001','OH-BAED0025','installed',11.35),(963,'HKABMRUAW8E433308','001','RN-BAED0025','installed',40.28),(964,'YUSPPHQSZAJ981823','001','SS-BAED0025','ordered',17.83),(965,'UDI7LAGS7QL483060','003','BX-EAEWH0130','installed',47.93),(966,'XJZQEGWAV7Q033418','005','PP-EAEWH0130','installed',31.61),(967,'ZHWDPEKYMVO700411','004','RN-EAEWH0130','installed',13.96),(968,'C15HS5VBR7W535537','001','SO-EAEWH0130','received',91.39),(969,'B0VBO26AVSF452216','003','SX-EAEWH0130','ordered',47.76),(970,'QS3WIP530WT059941','002','SX-EAEWH0130','installed',74.82),(971,'W237VB7JQCR328314','003','ZY-EAEWH0130','installed',13.28),(972,'ZIOUZCIZ0X5709697','002','ZY-EAEWH0130','installed',52.60),(973,'K3E2NL0ALH6201724','001','DN-EAELASS0088','installed',35.00),(974,'NLS6KSCMBLK635055','001','OE-EAELASS0088','installed',65.91),(975,'R5CKHASBUY3271404','001','OH-EAELASS0088','ordered',61.43),(976,'0S57SUJ4IC1640897','005','PP-EAELASS0088','installed',93.02),(977,'8T3FRD4XLHS244610','002','RN-EAELASS0088','ordered',102.37),(978,'30TKOS7OOZE898754','005','XM-EAELASS0088','installed',23.74),(979,'JJJCTN8VPQ2786297','002','DN-EAES0099','installed',29.92),(980,'X6PGCLX142L353015','003','DN-EAES0099','installed',30.82),(981,'5A77A0KQT4Q738091','002','KS-EAES0099','installed',89.17),(982,'CKP0OYNPTQV900997','003','KS-EAES0099','installed',105.03),(983,'X6PGCLX142L353015','001','XM-EAES0099','installed',27.07),(984,'HF61EINCEKB377113','004','ZY-EAES0099','installed',54.66),(985,'3DKKMGIZ7YP000949','002','DN-EAELASS0089','ordered',37.13),(986,'O6FN2LHJYJP625193','001','DN-EAELASS0089','installed',40.19),(987,'2MHCSVAPEB8589057','002','HI-EAELASS0089','installed',98.32),(988,'3LMQEJ637DV562400','003','HI-EAELASS0089','installed',46.78),(989,'U18BDQFC4ZV145556','001','KS-EAELASS0089','installed',0.95),(990,'5HIL3GKIIB7639416','001','OA-EAELASS0089','installed',42.93),(991,'5A12HXO5U8T698581','001','RN-EAELASS0089','installed',34.79),(992,'OLSEKFK5ZQ6130350','002','RN-EAELASS0089','installed',1.48),(993,'YQPUSK3G3TY698091','001','SO-EAELASS0089','installed',20.59),(994,'MSCYTFN5DLQ797580','003','ZN-EAELASS0089','installed',29.21),(995,'DF6PFCH0AEX087065','004','FH-EAES0100','installed',46.38),(996,'UE0HIIE583S680065','001','FH-EAES0100','installed',14.58),(997,'35F4JXSH0HA820194','001','GT-EAES0100','installed',32.42),(998,'5KP0CNPH5CW303661','001','HI-EAES0100','installed',36.31),(999,'U18BDQFC4ZV145556','002','KS-EAES0100','installed',30.46),(1000,'HF61EINCEKB377113','001','MH-EAES0100','installed',43.93),(1001,'NSMNR56SEOU091726','002','OA-EAES0100','installed',111.66),(1002,'T8VKW8BVR4S799169','003','OE-EAES0100','installed',125.06),(1003,'JJJCTN8VPQ2786297','001','RN-EAES0100','installed',20.25),(1004,'YUSPPHQSZAJ981823','002','SS-EAES0100','installed',51.92),(1005,'6RQECM8EO3O323457','001','SX-EAES0100','installed',67.50),(1006,'30TKOS7OOZE898754','005','XM-EAES0100','installed',31.13),(1007,'8KJNJ10WXLA842695','002','DN-PACBS0195','installed',51.42),(1008,'31WBMVJRBOT808956','001','GT-PACBS0195','installed',98.73),(1009,'C3FOQPRK48B009537','002','GT-PACBS0195','ordered',25.12),(1010,'2P0M0KIT617709587','002','OH-PACBS0195','ordered',4.73),(1011,'J2E2YCGES38415781','001','PP-PACBS0195','received',70.98),(1012,'Z7SSR7QXU3H868079','002','RN-PACBS0195','installed',22.76),(1013,'1NVXI5JXG3Q330243','006','SS-PACBS0195','received',98.82),(1014,'A2YAQD6KDWM503404','001','SS-PACBS0195','installed',42.79),(1015,'C3FOQPRK48B009537','003','SX-PACBS0195','installed',80.63),(1016,'VP0U4FNOL1Q272112','005','SX-PACBS0195','installed',44.45),(1017,'4MXLVV84A6C633165','006','ZN-PACBS0195','installed',72.06),(1018,'ONCCSRDH8DG971376','001','ZT-PACBS0195','installed',23.35),(1019,'EEC7DB0AVX8841803','003','KS-BAED0031','received',78.71),(1020,'NSMNR56SEOU091726','002','OA-BAED0031','installed',147.93),(1021,'XVHDHEYM76N276701','001','OE-BAED0031','installed',72.87),(1022,'XZ0NAXD65PB590052','001','OE-BAED0031','installed',64.59),(1023,'68OADH2QPOS933812','003','SX-BAED0031','installed',0.81),(1024,'O6FN2LHJYJP625193','002','XM-BAED0031','installed',68.30),(1025,'UUWQM04TSAR411514','001','KS-EAEIS0082','installed',25.30),(1026,'CB7NB6TBLMD840841','001','MH-EAEIS0082','installed',17.02),(1027,'V0Y7R3VOND6385099','002','MH-EAEIS0082','installed',53.64),(1028,'6DBY3C036JZ509895','004','OE-EAEIS0082','installed',16.94),(1029,'7E5LCY5NETS057532','002','PP-EAEIS0082','installed',32.86),(1030,'EYJA4KTGDYQ015061','001','RN-EAEIS0082','installed',36.59),(1031,'MAMDBMJQE5N094237','002','XM-EAEIS0082','installed',18.81),(1032,'M6J2KWLLUKW587077','002','ZN-EAEIS0082','installed',71.28),(1033,'SYZI0ZHYVNY547468','001','ZN-EAEIS0082','installed',61.01),(1034,'4PQ5C344WM2161232','002','ZT-EAEIS0082','ordered',29.14),(1035,'3LMQEJ637DV562400','005','BX-EAES0101','installed',31.48),(1036,'31WBMVJRBOT808956','002','KS-EAES0101','installed',153.06),(1037,'8ER23OFXZ1E916228','001','OH-EAES0101','installed',13.97),(1038,'AGIIPKOGTOH069031','001','OH-EAES0101','installed',15.76),(1039,'B8SSPH58WRS521686','002','OH-EAES0101','ordered',23.36),(1040,'KY0VD426W8P596125','001','SO-EAES0101','installed',24.97),(1041,'RIZTDYYGYS8802889','002','SS-EAES0101','received',38.16),(1042,'OLSEKFK5ZQ6130350','004','SE-EAES0101','installed',0.09),(1043,'6RQECM8EO3O323457','001','SX-EAES0101','installed',30.86),(1044,'CLEGAGVNX62265577','004','ZT-EAES0101','installed',24.67),(1045,'KGXXM02N16Y917081','001','OH-EAES0111','installed',85.65),(1046,'TEMYOH4852J438131','001','OH-EAES0111','ordered',70.75),(1047,'8SL0YJUFMTV627191','002','RN-EAES0111','installed',24.46),(1048,'AEDKYKWVSR5009618','005','ZY-EAES0111','installed',18.15),(1049,'VX5ONWMXOWC092241','001','ZY-EAES0111','installed',46.66),(1050,'EEC7DB0AVX8841803','006','KS-PACBS0196','installed',80.16),(1051,'22IBT631ZQB560111','001','MH-PACBS0196','ordered',10.09),(1052,'S8IG7CS13D3171231','001','OE-PACBS0196','installed',31.72),(1053,'PA2KWUOB26B493992','002','OH-PACBS0196','installed',11.26),(1054,'PHRGFZ1JX1M009627','001','OH-PACBS0196','installed',56.03),(1055,'AXEV4VONGOV055454','004','PP-PACBS0196','installed',513.38),(1056,'1SW1IVG7FRC996431','001','SS-PACBS0196','installed',22.98),(1057,'618DR7M1L2G015076','001','SE-PACBS0196','installed',40.48),(1058,'AJW0OF78HVS865152','001','ZY-PACBS0196','installed',76.28),(1059,'DF6PFCH0AEX087065','005','BX-PACBS0197','installed',47.50),(1060,'R2WXKMHKPXO142205','002','BX-PACBS0197','ordered',63.26),(1061,'M8D0UVAUJWA611757','001','DN-PACBS0197','ordered',10.95),(1062,'RIZTDYYGYS8802889','004','PP-PACBS0197','received',85.31),(1063,'8SL0YJUFMTV627191','003','RN-PACBS0197','installed',12.26),(1064,'XJZQEGWAV7Q033418','004','SO-PACBS0197','installed',11.56),(1065,'5R18GDSB3CM032341','004','SE-PACBS0197','ordered',56.12),(1066,'B6DYAUVZOLO290932','002','SX-PACBS0197','installed',54.94),(1067,'G05OT6PRY0O583244','001','FH-EAEGAM0067','installed',3.90),(1068,'UY0J2ZE2WC4929234','001','PP-EAEGAM0067','received',26.83),(1069,'CB7NB6TBLMD840841','002','RN-EAEGAM0067','received',32.51),(1070,'T2QRUXJS5OY889240','003','RN-EAEGAM0067','received',54.40),(1071,'B0VBO26AVSF452216','001','SO-EAEGAM0067','ordered',17.52),(1072,'QYJ40J7KB2A426113','001','ZN-EAEGAM0067','installed',73.90),(1073,'G05OT6PRY0O583244','001','FH-EAES0113','installed',26.77),(1074,'EEC7DB0AVX8841803','003','KS-EAES0113','installed',14.15),(1075,'UUWQM04TSAR411514','002','OA-EAES0113','installed',1.77),(1076,'7UNLIZIDGDO334562','001','OE-EAES0113','installed',3.43),(1077,'A4YNNJNA3YO795177','001','SX-EAES0113','installed',36.35),(1078,'1RYAWHVZXTT082005','004','XM-EAES0113','ordered',154.95),(1079,'NC0WM0W6U38530017','002','ZY-EAES0113','installed',28.24),(1080,'JJJCTN8VPQ2786297','002','DN-EAECS0052','installed',42.28),(1081,'QX26HKQMAEQ650690','002','HI-EAECS0052','ordered',29.63),(1082,'HRDP63I3VLX490165','002','SO-EAECS0052','installed',83.80),(1083,'AXEV4VONGOV055454','005','SS-EAECS0052','installed',479.96),(1084,'C3FOQPRK48B009537','003','SX-EAECS0052','ordered',30.71),(1085,'QX26HKQMAEQ650690','001','ZN-EAECS0052','installed',10.45),(1086,'DF6PFCH0AEX087065','002','ZT-EAECS0052','installed',35.23),(1087,'B8SSPH58WRS521686','001','ZY-EAECS0052','installed',7.51),(1088,'A1NMYTKAQVI515298','003','DN-PACBS0198','installed',135.56),(1089,'GIOLVCOW6FP335188','001','FH-PACBS0198','installed',33.75),(1090,'UE0HIIE583S680065','001','FH-PACBS0198','installed',34.27),(1091,'F2Q618FX05Z072513','001','KS-PACBS0198','installed',18.01),(1092,'S125FSF82QY167812','003','OE-PACBS0198','installed',49.05),(1093,'AXEV4VONGOV055454','004','PP-PACBS0198','installed',157.78),(1094,'UQHSQ06Y242436882','001','PP-PACBS0198','ordered',39.18),(1095,'1RYAWHVZXTT082005','001','SE-PACBS0198','received',50.90),(1096,'635UCNTTHIF575495','004','XM-PACBS0198','received',5.22),(1097,'MNUX8DKOOQR070763','001','ZT-PACBS0198','installed',103.31),(1098,'V0Y7R3VOND6385099','001','ZY-PACBS0198','installed',77.15),(1099,'JJJCTN8VPQ2786297','003','MH-EAEAD0044','installed',27.64),(1100,'7E5LCY5NETS057532','001','OE-EAEAD0044','ordered',9.75),(1101,'6AHSK5ZQ35S410112','003','SO-EAEAD0044','ordered',38.74),(1102,'N75ES1SYYPY249965','002','SO-EAEAD0044','installed',56.40),(1103,'KZS5B30QSTV993892','003','ZT-EAEAD0044','installed',25.63),(1104,'8QC0CE5XB6N801356','004','ZY-EAEAD0044','ordered',38.04),(1105,'73MVKB63GMJ964569','001','FH-BAED0024','installed',106.15),(1106,'QI0DMNKRDZJ539897','002','MH-BAED0024','ordered',7.56),(1107,'O05A7ND5MR4856060','004','OE-BAED0024','installed',105.78),(1108,'0S57SUJ4IC1640897','004','SS-BAED0024','installed',137.33),(1109,'KZS5B30QSTV993892','002','ZN-BAED0024','received',136.10),(1110,'3DKKMGIZ7YP000949','002','DN-EAES0102','ordered',6.35),(1111,'S125FSF82QY167812','001','GT-EAES0102','installed',38.31),(1112,'BKMITEBY1EN848184','004','MH-EAES0102','ordered',23.58),(1113,'XJZQEGWAV7Q033418','003','MH-EAES0102','installed',2.54),(1114,'AEDKYKWVSR5009618','001','OA-EAES0102','installed',90.05),(1115,'C3FOQPRK48B009537','001','OE-EAES0102','received',7.06),(1116,'5R18GDSB3CM032341','001','PP-EAES0102','received',22.57),(1117,'NC50WA1NW00659248','001','SS-EAES0102','installed',29.62),(1118,'D4G0CTZMD2X930012','001','SE-EAES0102','installed',14.15),(1119,'DBX6KOCPLNA744149','002','ZT-EAES0102','installed',44.64),(1120,'X6PGCLX142L353015','004','ZT-EAES0102','installed',8.52),(1121,'W7BJ0WMT3F1988589','002','ZY-EAES0102','installed',30.42),(1122,'EEC7DB0AVX8841803','003','KS-EAEESS0054','installed',77.10),(1123,'2MHCSVAPEB8589057','001','RN-EAEESS0054','installed',52.06),(1124,'8SL0YJUFMTV627191','003','RN-EAEESS0054','installed',32.00),(1125,'XVHDHEYM76N276701','002','ZY-EAEESS0054','installed',61.70),(1126,'HKABMRUAW8E433308','002','BX-EAEM0142','installed',57.42),(1127,'H8V4P7W7UDF905029','004','GT-EAEM0142','installed',46.10),(1128,'W0568WGO5WJ438874','002','GT-EAEM0142','installed',39.84),(1129,'O05A7ND5MR4856060','002','OA-EAEM0142','installed',31.92),(1130,'OTU0G7AR2Y1800976','001','RN-EAEM0142','installed',5.66),(1131,'B8SSPH58WRS521686','001','ZY-EAEM0142','installed',6.19),(1132,'UDI7LAGS7QL483060','003','BX-EAEM0143','installed',124.83),(1133,'ZHWDPEKYMVO700411','003','FH-EAEM0143','installed',319.23),(1134,'Y1DN8H2LGE6552424','001','KS-EAEM0143','installed',27.22),(1135,'GH7NQUAAD1Z939191','001','PP-EAEM0143','installed',2.53),(1136,'YB15CELIOAD030337','001','RN-EAEM0143','installed',23.97),(1137,'OOXPL1JMKRX336822','001','SX-EAEM0143','installed',31.37),(1138,'GIKGHMM5MB3457530','001','ZN-EAEM0143','installed',34.72),(1139,'4PQ5C344WM2161232','001','BX-BAE0011','ordered',6.29),(1140,'N5W5FFXWBXO904639','001','BX-BAE0011','installed',21.15),(1141,'75JPSZY0BUP284256','002','DN-BAE0011','installed',62.41),(1142,'24PJSOHL7AV555541','005','FH-BAE0011','received',55.98),(1143,'FZ1HFZ585WR955503','001','FH-BAE0011','installed',14.04),(1144,'OWWSKLAS7QX817356','002','FH-BAE0011','installed',60.33),(1145,'635UCNTTHIF575495','002','GT-BAE0011','ordered',1.06),(1146,'1NVXI5JXG3Q330243','003','KS-BAE0011','received',89.21),(1147,'1P4CYBF55BZ319515','002','KS-BAE0011','installed',0.44),(1148,'CKP0OYNPTQV900997','002','OA-BAE0011','installed',65.44),(1149,'GX7M6O4V208624783','002','OA-BAE0011','installed',25.61),(1150,'1TY0OZ6776O551065','001','SE-BAE0011','installed',2.15),(1151,'46B8UPAQCVW796829','001','SE-BAE0011','installed',0.35),(1152,'S8IG7CS13D3171231','002','XM-BAE0011','installed',13.00),(1153,'KZS5B30QSTV993892','003','ZT-BAE0011','installed',103.94),(1154,'0S57SUJ4IC1640897','001','DN-EAES0122','received',283.30),(1155,'8OU7JH0IJU6315337','002','FH-EAES0122','installed',33.62),(1156,'QYJ40J7KB2A426113','003','HI-EAES0122','installed',13.28),(1157,'AJW0OF78HVS865152','003','KS-EAES0122','installed',18.30),(1158,'R5CKHASBUY3271404','002','MH-EAES0122','installed',34.66),(1159,'G0OMKKQI3ON337813','001','OH-EAES0122','ordered',21.86),(1160,'TEMYOH4852J438131','001','OH-EAES0122','installed',65.68),(1161,'DF6PFCH0AEX087065','002','ZT-EAES0122','installed',46.73),(1162,'3LMQEJ637DV562400','002','BX-EAES0103','installed',45.01),(1163,'24PJSOHL7AV555541','005','FH-EAES0103','ordered',45.79),(1164,'UE0HIIE583S680065','001','FH-EAES0103','installed',49.49),(1165,'4YXU2TN1NJU843634','002','KS-EAES0103','installed',32.35),(1166,'7O8R4N0I445396787','003','KS-EAES0103','received',100.70),(1167,'S8IG7CS13D3171231','001','OE-EAES0103','installed',29.63),(1168,'CKP0OYNPTQV900997','004','SO-EAES0103','installed',98.22),(1169,'YQPUSK3G3TY698091','001','SO-EAES0103','installed',80.85),(1170,'O05A7ND5MR4856060','001','SS-EAES0103','installed',5.43),(1171,'V0CS6FK0F2L619952','001','DN-EAES0104','installed',11.27),(1172,'3LMQEJ637DV562400','001','FH-EAES0104','installed',36.94),(1173,'46B8UPAQCVW796829','002','KS-EAES0104','installed',31.25),(1174,'VFRZ3NRGP3T720592','001','MH-EAES0104','installed',23.61),(1175,'B0VBO26AVSF452216','002','OH-EAES0104','ordered',34.96),(1176,'60BMLFB8XK5792806','001','PP-EAES0104','received',34.33),(1177,'VGDTPF85FW3798103','005','ZT-EAES0104','installed',45.17),(1178,'W237VB7JQCR328314','003','ZY-EAES0104','installed',42.13),(1179,'22IBT631ZQB560111','004','KS-BAE0012','ordered',45.87),(1180,'EFWM866BVP1512173','001','OA-BAE0012','installed',75.80),(1181,'PHRGFZ1JX1M009627','001','OH-BAE0012','installed',47.06),(1182,'JQWZHRE1QQC616191','002','RN-BAE0012','installed',8.93),(1183,'QI0DMNKRDZJ539897','006','SO-BAE0012','installed',4.47),(1184,'UFU8XLWSHBR469828','004','SE-BAE0012','installed',16.39),(1185,'K0JT3JN6GHR755604','004','ZY-BAE0012','installed',56.76),(1186,'AXEV4VONGOV055454','003','HI-BAE0013','installed',150.30),(1187,'22IBT631ZQB560111','003','OA-BAE0013','ordered',32.19),(1188,'1NVXI5JXG3Q330243','006','SS-BAE0013','installed',9.98),(1189,'H8V4P7W7UDF905029','001','ZT-BAE0013','installed',65.68),(1190,'N5W5FFXWBXO904639','001','BX-EAEAD0043','installed',8.23),(1191,'A1NMYTKAQVI515298','003','DN-EAEAD0043','installed',8.23),(1192,'B6DYAUVZOLO290932','004','OA-EAEAD0043','received',46.70),(1193,'5GJZF82LII6385235','001','OH-EAEAD0043','installed',1.55),(1194,'60BMLFB8XK5792806','001','PP-EAEAD0043','installed',43.53),(1195,'H8V4P7W7UDF905029','002','RN-EAEAD0043','installed',48.04),(1196,'O5TDAJX7MJE979632','001','SS-EAEAD0043','installed',2.97),(1197,'BIUHHJZSI4O016585','001','SX-EAEAD0043','received',51.69),(1198,'K0JT3JN6GHR755604','002','ZN-EAEAD0043','installed',3.95),(1199,'68OADH2QPOS933812','005','ZT-EAEAD0043','installed',26.61),(1200,'75JPSZY0BUP284256','002','DN-EAES0105','installed',70.27),(1201,'8KJNJ10WXLA842695','002','DN-EAES0105','installed',7.97),(1202,'OA2AULLS70C156569','001','HI-EAES0105','installed',0.05),(1203,'D4G0CTZMD2X930012','002','KS-EAES0105','installed',16.18),(1204,'53WEVPX7H4X102116','001','SO-EAES0105','installed',4.38),(1205,'V4JVFR4YRS7140562','001','SS-EAES0105','ordered',68.17),(1206,'PA2KWUOB26B493992','001','ZN-EAES0105','installed',45.54),(1207,'XZ0ZPNB3K0B900136','001','ZN-EAES0105','installed',60.58),(1208,'K0JT3JN6GHR755604','004','ZY-EAES0105','installed',41.77),(1209,'VGDTPF85FW3798103','002','GT-BAE0018','installed',54.04),(1210,'618DR7M1L2G015076','002','HI-BAE0018','installed',132.45),(1211,'KZS5B30QSTV993892','001','OE-BAE0018','installed',11.34),(1212,'HRDP63I3VLX490165','001','OH-BAE0018','installed',97.47),(1213,'2A8QZNBMXTP305324','002','SS-BAE0018','installed',66.08),(1214,'M6J2KWLLUKW587077','003','XM-BAE0018','installed',21.37),(1215,'EFWM866BVP1512173','002','ZN-BAE0018','installed',72.30),(1216,'16VZ2D5K2UA224265','002','BX-EAEM0144','installed',20.18),(1217,'LLDC1OCSTQ1651823','001','HI-EAEM0144','ordered',20.23),(1218,'EEC7DB0AVX8841803','002','OA-EAEM0144','installed',26.49),(1219,'HF61EINCEKB377113','005','OE-EAEM0144','installed',10.65),(1220,'W0VVANUKDUY874182','001','PP-EAEM0144','installed',56.35),(1221,'RM7H44T3Y51383174','001','SS-EAEM0144','ordered',145.31),(1222,'5KP0CNPH5CW303661','003','XM-EAEM0144','installed',39.60),(1223,'G11UA2D181O142111','002','ZN-EAEM0144','installed',88.54),(1224,'QYJ40J7KB2A426113','001','ZN-EAEM0144','installed',98.02),(1225,'UUWQM04TSAR411514','003','HI-EAEM0145','installed',18.51),(1226,'5R18GDSB3CM032341','003','KS-EAEM0145','received',25.63),(1227,'6U7HLHZK3GP057957','004','PP-EAEM0145','ordered',65.95),(1228,'7E5LCY5NETS057532','002','PP-EAEM0145','installed',15.45),(1229,'C15HS5VBR7W535537','002','PP-EAEM0145','ordered',22.22),(1230,'0S57SUJ4IC1640897','001','DN-BAE0014','ordered',231.96),(1231,'EEC7DB0AVX8841803','005','FH-BAE0014','installed',74.61),(1232,'FZ1HFZ585WR955503','001','FH-BAE0014','installed',35.85),(1233,'KU7WAYY7WVW387657','003','OA-BAE0014','installed',26.28),(1234,'VGDTPF85FW3798103','004','OE-BAE0014','installed',23.09),(1235,'W0VVANUKDUY874182','001','PP-BAE0014','installed',10.01),(1236,'T8VKW8BVR4S799169','001','ZY-BAE0014','installed',103.00),(1237,'XJZQEGWAV7Q033418','002','ZY-BAE0014','installed',5.00),(1238,'4PQ5C344WM2161232','001','BX-BAE0015','received',2.22),(1239,'8OU7JH0IJU6315337','002','FH-BAE0015','installed',6.23),(1240,'K0JT3JN6GHR755604','005','FH-BAE0015','installed',48.50),(1241,'5A77A0KQT4Q738091','001','HI-BAE0015','installed',16.42),(1242,'XJZQEGWAV7Q033418','003','MH-BAE0015','installed',19.52),(1243,'C15HS5VBR7W535537','002','PP-BAE0015','ordered',119.21),(1244,'S125FSF82QY167812','005','SO-BAE0015','installed',56.31),(1245,'XJZQEGWAV7Q033418','004','SO-BAE0015','installed',26.57),(1246,'618DR7M1L2G015076','001','SE-BAE0015','received',32.09),(1247,'ZHWDPEKYMVO700411','002','XM-BAE0015','installed',235.18),(1248,'5JK48AIE01F557082','005','BX-EAES0106','installed',96.23),(1249,'24PJSOHL7AV555541','001','DN-EAES0106','ordered',29.71),(1250,'OENGRAALQH3524656','001','FH-EAES0106','received',117.58),(1251,'QX26HKQMAEQ650690','002','HI-EAES0106','received',15.18),(1252,'N5W5FFXWBXO904639','002','OE-EAES0106','installed',26.26),(1253,'EBZZN84J0L1163524','005','SO-EAES0106','installed',60.06),(1254,'24PJSOHL7AV555541','004','SE-EAES0106','installed',2.18),(1255,'ZIOUZCIZ0X5709697','001','GT-ICS0159','installed',17.30),(1256,'CKP0OYNPTQV900997','003','KS-ICS0159','installed',93.05),(1257,'4YXU2TN1NJU843634','001','RN-ICS0159','installed',10.66),(1258,'UY0J2ZE2WC4929234','002','XM-ICS0159','ordered',69.99),(1259,'XNXLS5I71MA658964','001','ZN-ICS0159','installed',49.72),(1260,'30TKOS7OOZE898754','004','ZT-ICS0159','installed',40.76),(1261,'PXZGV28A8KN434243','002','BX-ICS0160','installed',70.96),(1262,'QI0DMNKRDZJ539897','003','BX-ICS0160','received',10.87),(1263,'1PHWGTVKSC5888281','002','HI-ICS0160','installed',13.01),(1264,'CKP0OYNPTQV900997','001','KS-ICS0160','installed',79.98),(1265,'FC5IOH7WXUG049482','002','RN-ICS0160','received',29.19),(1266,'OTU0G7AR2Y1800976','001','RN-ICS0160','installed',53.81),(1267,'S125FSF82QY167812','002','SO-ICS0160','installed',64.97),(1268,'NC0WM0W6U38530017','003','ZN-ICS0160','installed',12.43),(1269,'UVZX51MOHHZ350304','003','DN-ICS0161','ordered',10.14),(1270,'X6PGCLX142L353015','002','FH-ICS0161','installed',37.78),(1271,'F2Q618FX05Z072513','001','KS-ICS0161','installed',137.03),(1272,'4MXLVV84A6C633165','001','OH-ICS0161','installed',127.17),(1273,'0S57SUJ4IC1640897','002','PP-ICS0161','received',313.28),(1274,'YB15CELIOAD030337','001','RN-ICS0161','installed',4.67),(1275,'QS3WIP530WT059941','003','SO-ICS0161','installed',21.84),(1276,'H8V4P7W7UDF905029','001','ZT-ICS0161','installed',71.89),(1277,'31WBMVJRBOT808956','002','KS-ICS0162','installed',93.99),(1278,'37HKK6A8BK4624844','001','KS-ICS0162','ordered',15.84),(1279,'24PJSOHL7AV555541','006','OA-ICS0162','received',1.97),(1280,'AGIIPKOGTOH069031','002','OE-ICS0162','installed',10.30),(1281,'8ER23OFXZ1E916228','001','OH-ICS0162','installed',26.29),(1282,'HE08QS6227G217277','001','PP-ICS0162','installed',52.99),(1283,'UHTZCO50NI6402584','001','SO-ICS0162','installed',147.76),(1284,'1TY0OZ6776O551065','001','SE-ICS0162','installed',54.55),(1285,'N7UGS5V1OX0015212','001','SX-ICS0162','ordered',75.19),(1286,'QS3WIP530WT059941','002','SX-ICS0162','installed',34.45),(1287,'R2WXKMHKPXO142205','002','BX-EAEM0146','ordered',91.79),(1288,'8OU7JH0IJU6315337','002','FH-EAEM0146','installed',1.56),(1289,'CLEGAGVNX62265577','001','FH-EAEM0146','installed',20.82),(1290,'W7BJ0WMT3F1988589','003','FH-EAEM0146','installed',34.41),(1291,'G11UA2D181O142111','003','GT-EAEM0146','ordered',41.02),(1292,'DBX6KOCPLNA744149','001','KS-EAEM0146','installed',46.71),(1293,'1RYAWHVZXTT082005','002','PP-EAEM0146','installed',15.70),(1294,'T2QRUXJS5OY889240','003','RN-EAEM0146','received',15.43),(1295,'1NVXI5JXG3Q330243','004','SS-EAEM0146','installed',119.79),(1296,'O4YTYHUUGAY861024','003','SS-EAEM0146','ordered',4.19),(1297,'635UCNTTHIF575495','003','SX-EAEM0146','received',30.88),(1298,'CZIU7B73Q86955353','003','XM-EAEM0146','ordered',20.70),(1299,'S8IG7CS13D3171231','002','XM-EAEM0146','installed',54.47),(1300,'MSCYTFN5DLQ797580','001','RN-PACBS0183','installed',30.09),(1301,'AEDKYKWVSR5009618','002','SO-PACBS0183','installed',24.31),(1302,'1TY0OZ6776O551065','001','SE-PACBS0183','installed',17.40),(1303,'N5W5FFXWBXO904639','001','BX-EAELASS0090','installed',34.43),(1304,'3ZQSQH7KCWX963150','001','HI-EAELASS0090','installed',27.51),(1305,'V8TT1Z53XJ3351609','001','HI-EAELASS0090','installed',70.40),(1306,'EEC7DB0AVX8841803','006','KS-EAELASS0090','installed',50.23),(1307,'GLJRT76OYH0767251','003','KS-EAELASS0090','installed',70.47),(1308,'22IBT631ZQB560111','002','OE-EAELASS0090','installed',42.15),(1309,'AB8O6IWO8YG995749','002','PP-EAELASS0090','installed',71.15),(1310,'S125FSF82QY167812','005','SO-EAELASS0090','installed',25.50),(1311,'AXEV4VONGOV055454','005','SS-EAELASS0090','installed',456.83),(1312,'OYSBYKKMW7W431727','001','SS-EAELASS0090','installed',10.16),(1313,'2P0M0KIT617709587','004','FH-EAESS0119','installed',95.57),(1314,'K0JT3JN6GHR755604','005','FH-EAESS0119','installed',3.57),(1315,'RIZTDYYGYS8802889','003','KS-EAESS0119','installed',14.02),(1316,'EFWM866BVP1512173','001','OA-EAESS0119','installed',13.05),(1317,'GX7M6O4V208624783','004','OE-EAESS0119','installed',45.93),(1318,'TEMYOH4852J438131','001','OH-EAESS0119','installed',28.52),(1319,'XJZQEGWAV7Q033418','004','SO-EAESS0119','installed',18.42),(1320,'SB0II3RK4J8108311','001','SE-EAESS0119','installed',22.73),(1321,'4MXLVV84A6C633165','006','ZN-EAESS0119','installed',14.11),(1322,'ONCCSRDH8DG971376','001','ZT-EAESS0119','installed',33.49),(1323,'8HVXXFQ4M58279132','002','BX-EAEAD0045','installed',8.37),(1324,'OWWSKLAS7QX817356','002','FH-EAEAD0045','installed',51.94),(1325,'5JK48AIE01F557082','003','OA-EAEAD0045','installed',35.93),(1326,'13AVT0QCFFF714899','002','OE-EAEAD0045','installed',57.94),(1327,'T8VKW8BVR4S799169','003','OE-EAEAD0045','installed',8.98),(1328,'7O8R4N0I445396787','002','PP-EAEAD0045','installed',40.03),(1329,'A4YNNJNA3YO795177','001','SX-EAEAD0045','installed',20.75),(1330,'VP0U4FNOL1Q272112','001','SX-EAEAD0045','installed',76.28),(1331,'G05OT6PRY0O583244','002','XM-EAEAD0045','installed',11.94),(1332,'HF61EINCEKB377113','002','ZN-EAEAD0045','received',24.44),(1333,'R2WXKMHKPXO142205','001','ZN-EAEAD0045','ordered',116.97),(1334,'EBDPUOZW0UW750384','002','ZT-EAEAD0045','installed',99.12),(1335,'1TYZPWJUY8S534217','001','FH-EAEM0147','received',101.29),(1336,'QX26HKQMAEQ650690','002','HI-EAEM0147','received',22.98),(1337,'7QIC6ZYHPQP552709','001','MH-EAEM0147','installed',18.95),(1338,'KU7WAYY7WVW387657','002','OA-EAEM0147','installed',31.84),(1339,'HF61EINCEKB377113','005','OE-EAEM0147','installed',47.64),(1340,'NSMNR56SEOU091726','003','OE-EAEM0147','installed',45.15),(1341,'75JPSZY0BUP284256','001','OH-EAEM0147','installed',8.88),(1342,'5R18GDSB3CM032341','001','PP-EAEM0147','received',56.68),(1343,'46B8UPAQCVW796829','001','SE-EAEM0147','installed',30.04),(1344,'H8V4P7W7UDF905029','001','ZT-EAEM0147','installed',28.59),(1345,'V0Y7R3VOND6385099','001','ZY-EAEM0147','installed',47.21),(1346,'22IBT631ZQB560111','001','MH-EAEGAM0068','installed',7.56),(1347,'KGZT23UL65F408436','001','OA-EAEGAM0068','installed',2.48),(1348,'PHRGFZ1JX1M009627','003','SE-EAEGAM0068','installed',61.29),(1349,'0O3JJPHBUAP199412','002','KS-EAEM0148','ordered',28.16),(1350,'13AVT0QCFFF714899','002','OE-EAEM0148','installed',197.61),(1351,'7E5LCY5NETS057532','005','RN-EAEM0148','received',6.37),(1352,'HF61EINCEKB377113','003','RN-EAEM0148','received',19.27),(1353,'CKP0OYNPTQV900997','004','SO-EAEM0148','installed',58.41),(1354,'3UZC10YHEMA746460','001','SX-EAEM0148','installed',1223.59),(1355,'FF386522UXW088260','004','SX-EAEM0148','installed',55.66),(1356,'GX7M6O4V208624783','005','ZN-EAEM0148','installed',29.80),(1357,'8QC0CE5XB6N801356','003','BX-BAE0016','ordered',44.01),(1358,'EEC7DB0AVX8841803','001','GT-BAE0016','ordered',17.03),(1359,'7O8R4N0I445396787','003','KS-BAE0016','ordered',75.00),(1360,'UHTZCO50NI6402584','002','SO-BAE0016','installed',110.32),(1361,'W237VB7JQCR328314','002','SS-BAE0016','installed',23.35),(1362,'W7BJ0WMT3F1988589','004','ZY-BAE0016','installed',70.90),(1363,'7O8R4N0I445396787','001','BX-EAESS0115','received',71.17),(1364,'O6FN2LHJYJP625193','001','DN-EAESS0115','installed',92.75),(1365,'A7LI8UIU28Q222693','004','GT-EAESS0115','installed',16.40),(1366,'618DR7M1L2G015076','002','HI-EAESS0115','ordered',97.24),(1367,'AXEV4VONGOV055454','003','HI-EAESS0115','installed',398.74),(1368,'UUWQM04TSAR411514','003','HI-EAESS0115','installed',48.23),(1369,'13AVT0QCFFF714899','001','OA-EAESS0115','installed',96.27),(1370,'5JK48AIE01F557082','002','OE-EAESS0115','installed',54.64),(1371,'U0IW6RMXF3E643006','002','FH-EAESS0116','installed',108.20),(1372,'1P4CYBF55BZ319515','001','KS-EAESS0116','installed',25.47),(1373,'6U7HLHZK3GP057957','003','KS-EAESS0116','ordered',77.14),(1374,'GIOLVCOW6FP335188','002','OE-EAESS0116','installed',38.66),(1375,'HRDP63I3VLX490165','003','SO-EAESS0116','installed',75.61),(1376,'RIZTDYYGYS8802889','001','SO-EAESS0116','installed',33.24),(1377,'CZIU7B73Q86955353','003','XM-EAESS0116','ordered',83.75),(1378,'FQQN4F0Y2Y4911016','001','ZN-EAESS0116','installed',77.64),(1379,'ZWW7VOTXOEE355574','003','ZY-EAESS0116','installed',27.94),(1380,'BKMITEBY1EN848184','002','KS-EAESS0117','installed',19.58),(1381,'24PJSOHL7AV555541','004','SE-EAESS0117','installed',65.47),(1382,'VYTVYSIRWI8110696','001','ZN-EAESS0117','installed',6.22),(1383,'A1NMYTKAQVI515298','001','ZT-EAESS0117','installed',55.12),(1384,'BKMITEBY1EN848184','003','DN-EAESS0118','ordered',2.80),(1385,'GLJRT76OYH0767251','002','GT-EAESS0118','installed',216.26),(1386,'BKMITEBY1EN848184','002','KS-EAESS0118','installed',0.13),(1387,'UUWQM04TSAR411514','001','KS-EAESS0118','installed',19.87),(1388,'34LPXEKDI4K738049','001','MH-EAESS0118','received',50.58),(1389,'CB7NB6TBLMD840841','001','MH-EAESS0118','ordered',36.12),(1390,'W65LU27EIAI574094','001','FH-EAES0123','installed',121.64),(1391,'AHCTXZIUNLT990408','002','OA-EAES0123','installed',43.02),(1392,'S8IG7CS13D3171231','001','OE-EAES0123','installed',27.33),(1393,'0S57SUJ4IC1640897','005','PP-EAES0123','installed',161.42),(1394,'QI0DMNKRDZJ539897','006','SO-EAES0123','ordered',0.91),(1395,'BIUHHJZSI4O016585','001','SX-EAES0123','ordered',46.77),(1396,'W7BJ0WMT3F1988589','002','ZY-EAES0123','installed',18.64),(1397,'DF6PFCH0AEX087065','004','FH-EAEAD0047','installed',30.08),(1398,'KFWC2DGXLXB344224','001','FH-EAEAD0047','received',22.74),(1399,'G05OT6PRY0O583244','004','OE-EAEAD0047','installed',56.94),(1400,'HF61EINCEKB377113','005','OE-EAEAD0047','installed',57.03),(1401,'U18BDQFC4ZV145556','003','OE-EAEAD0047','installed',0.47),(1402,'60BMLFB8XK5792806','001','PP-EAEAD0047','ordered',26.82),(1403,'FF386522UXW088260','002','SO-EAEAD0047','installed',48.86),(1404,'O05A7ND5MR4856060','001','SS-EAEAD0047','installed',45.89),(1405,'FH3BO3MF7F8943017','002','ZN-EAEAD0047','received',47.42),(1406,'OWWSKLAS7QX817356','004','ZY-EAEAD0047','installed',71.56),(1407,'OOXPL1JMKRX336822','002','RN-BAEW0034','installed',65.87),(1408,'PHRGFZ1JX1M009627','002','SO-BAEW0034','installed',61.74),(1409,'7UNLIZIDGDO334562','005','ZN-BAEW0034','installed',14.12),(1410,'B6DYAUVZOLO290932','001','FH-BAEW0035','installed',34.10),(1411,'W0VVANUKDUY874182','002','HI-BAEW0035','installed',27.56),(1412,'OLSEKFK5ZQ6130350','003','OE-BAEW0035','installed',23.67),(1413,'0S57SUJ4IC1640897','004','SS-BAEW0035','ordered',283.27),(1414,'1SW1IVG7FRC996431','001','SS-BAEW0035','installed',10.02),(1415,'GX7M6O4V208624783','003','XM-BAEW0035','installed',23.04),(1416,'FQQN4F0Y2Y4911016','003','DN-EAES0124','received',102.05),(1417,'W0568WGO5WJ438874','001','HI-EAES0124','ordered',4.16),(1418,'EEC7DB0AVX8841803','006','KS-EAES0124','received',14.09),(1419,'GG7T8HJFVBJ354520','005','KS-EAES0124','installed',43.68),(1420,'OLSEKFK5ZQ6130350','004','SE-EAES0124','installed',23.11),(1421,'1NVXI5JXG3Q330243','005','SX-EAES0124','ordered',110.12),(1422,'C3FOQPRK48B009537','003','SX-EAES0124','installed',9.61),(1423,'AHCTXZIUNLT990408','001','ZN-EAES0124','ordered',40.43),(1424,'8KJNJ10WXLA842695','004','BX-EAES0125','installed',24.03),(1425,'AHCTXZIUNLT990408','003','DN-EAES0125','received',51.57),(1426,'F4N3GC225MT163583','001','KS-EAES0125','received',15.55),(1427,'ND31ETCB3XK917122','002','MH-EAES0125','received',27.64),(1428,'OA2AULLS70C156569','002','OE-EAES0125','installed',15.91),(1429,'HRKE60F31H6918971','001','PP-EAES0125','installed',18.45),(1430,'PFWLPE5OM20960896','001','RN-EAES0125','installed',6.73),(1431,'24PJSOHL7AV555541','003','SO-EAES0125','received',28.81),(1432,'N7UGS5V1OX0015212','003','SS-EAES0125','ordered',94.44),(1433,'PHRGFZ1JX1M009627','003','SE-EAES0125','installed',67.52),(1434,'KIYLR1R5Q58616843','003','BX-EAEGAM0069','ordered',38.33),(1435,'24PJSOHL7AV555541','005','FH-EAEGAM0069','installed',12.32),(1436,'O4YTYHUUGAY861024','001','KS-EAEGAM0069','received',142.25),(1437,'8OU7JH0IJU6315337','001','MH-EAEGAM0069','installed',31.70),(1438,'6DBY3C036JZ509895','004','OE-EAEGAM0069','installed',5.96),(1439,'S125FSF82QY167812','003','OE-EAEGAM0069','installed',105.29),(1440,'W7BJ0WMT3F1988589','001','OH-EAEGAM0069','installed',72.55),(1441,'D4G0CTZMD2X930012','003','RN-EAEGAM0069','installed',11.45),(1442,'YQPUSK3G3TY698091','001','SO-EAEGAM0069','installed',122.23),(1443,'1RYAWHVZXTT082005','003','SE-EAEGAM0069','ordered',74.98),(1444,'VP0U4FNOL1Q272112','001','SX-EAEGAM0069','installed',99.76),(1445,'O6FN2LHJYJP625193','002','XM-EAEGAM0069','installed',123.03),(1446,'QYJ40J7KB2A426113','001','ZN-EAEGAM0069','installed',37.83),(1447,'4PQ5C344WM2161232','001','BX-EAELASS0091','received',5.02),(1448,'UVZX51MOHHZ350304','003','DN-EAELASS0091','ordered',37.74),(1449,'24PJSOHL7AV555541','005','FH-EAELASS0091','installed',19.98),(1450,'W0VVANUKDUY874182','002','HI-EAELASS0091','installed',15.53),(1451,'5HJ7JGARQY7410384','001','MH-EAELASS0091','installed',14.88),(1452,'EBZZN84J0L1163524','004','OA-EAELASS0091','installed',7.26),(1453,'7UNLIZIDGDO334562','001','OE-EAELASS0091','installed',26.39),(1454,'2MHCSVAPEB8589057','001','RN-EAELASS0091','installed',5.65),(1455,'BIUHHJZSI4O016585','001','SX-EAELASS0091','installed',8.93),(1456,'AJW0OF78HVS865152','002','XM-EAELASS0091','received',15.57),(1457,'MNUX8DKOOQR070763','001','ZT-EAELASS0091','installed',12.89),(1458,'ZIOUZCIZ0X5709697','001','GT-EAELASS0092','installed',53.23),(1459,'S4JI8BAZK6A762603','001','PP-EAELASS0092','installed',45.15),(1460,'5JK48AIE01F557082','001','SS-EAELASS0092','installed',31.87),(1461,'761PGMYLX0T843950','001','SX-EAELASS0092','installed',54.63),(1462,'B6DYAUVZOLO290932','002','SX-EAELASS0092','installed',19.17),(1463,'3UZC10YHEMA746460','002','ZN-EAELASS0092','received',610.90),(1464,'KZS5B30QSTV993892','002','ZN-EAELASS0092','received',113.25),(1465,'T2QRUXJS5OY889240','002','ZY-EAELASS0092','received',52.77),(1466,'8KJNJ10WXLA842695','002','DN-EAES0110','installed',59.44),(1467,'W0568WGO5WJ438874','002','GT-EAES0110','ordered',31.98),(1468,'7UNLIZIDGDO334562','003','OA-EAES0110','installed',28.84),(1469,'YT768PDJ0NU591276','001','OE-EAES0110','installed',13.72),(1470,'5N8JUSLD214397601','005','OH-EAES0110','installed',17.28),(1471,'OWWSKLAS7QX817356','001','OH-EAES0110','installed',58.94),(1472,'RIZTDYYGYS8802889','001','SO-EAES0110','received',86.18),(1473,'75JPSZY0BUP284256','003','XM-EAES0110','installed',51.71),(1474,'8XV8E2COQQ0978402','002','ZN-EAES0110','received',78.11),(1475,'3LMQEJ637DV562400','001','FH-EAEGAM0070','installed',4.31),(1476,'S125FSF82QY167812','001','GT-EAEGAM0070','installed',15.39),(1477,'EBDPUOZW0UW750384','001','HI-EAEGAM0070','installed',106.92),(1478,'ESYSVDN5WUF888037','003','HI-EAEGAM0070','installed',37.08),(1479,'W237VB7JQCR328314','001','HI-EAEGAM0070','installed',29.45),(1480,'YB15CELIOAD030337','002','MH-EAEGAM0070','installed',2.93),(1481,'EEC7DB0AVX8841803','004','PP-EAEGAM0070','received',61.32),(1482,'ZHWDPEKYMVO700411','002','XM-EAEGAM0070','installed',328.06),(1483,'8XV8E2COQQ0978402','002','ZN-EAEGAM0070','received',100.54),(1484,'QI0DMNKRDZJ539897','002','MH-EAES0107','installed',33.63),(1485,'22IBT631ZQB560111','003','OA-EAES0107','ordered',6.53),(1486,'4MXLVV84A6C633165','001','OH-EAES0107','installed',36.64),(1487,'0S57SUJ4IC1640897','005','PP-EAES0107','installed',256.77),(1488,'F2Q618FX05Z072513','002','RN-EAES0107','installed',134.83),(1489,'R2WXKMHKPXO142205','001','ZN-EAES0107','received',127.14),(1490,'1SW1IVG7FRC996431','002','ZT-EAES0107','installed',8.44),(1491,'PXZGV28A8KN434243','004','ZY-EAES0107','installed',32.28),(1492,'GIOLVCOW6FP335188','001','FH-EAES0126','installed',34.58),(1493,'3LMQEJ637DV562400','003','HI-EAES0126','installed',4.72),(1494,'4G1Z11HOQ3P797692','001','KS-EAES0126','installed',145.37),(1495,'30TKOS7OOZE898754','001','OA-EAES0126','installed',107.22),(1496,'UQHSQ06Y242436882','001','PP-EAES0126','received',27.22),(1497,'FQQN4F0Y2Y4911016','005','SO-EAES0126','ordered',159.95),(1498,'NTLNBNESY0F523188','001','SE-EAES0126','installed',103.96),(1499,'GX7M6O4V208624783','005','ZN-EAES0126','installed',17.12),(1500,'JQWZHRE1QQC616191','001','ZN-EAES0126','installed',9.55),(1501,'8QC0CE5XB6N801356','004','ZY-EAES0126','ordered',4.50),(1502,'A1NMYTKAQVI515298','002','DN-EAEGAM0071','installed',35.69),(1503,'EBZZN84J0L1163524','003','DN-EAEGAM0071','installed',29.92),(1504,'T8VKW8BVR4S799169','003','OE-EAEGAM0071','installed',87.87),(1505,'53WEVPX7H4X102116','001','SO-EAEGAM0071','installed',79.98),(1506,'C15HS5VBR7W535537','001','SO-EAEGAM0071','received',25.73),(1507,'16VZ2D5K2UA224265','001','SS-EAEGAM0071','installed',76.59),(1508,'A7LI8UIU28Q222693','005','SS-EAEGAM0071','installed',31.50),(1509,'53WEVPX7H4X102116','005','DN-EAEM0149','installed',15.00),(1510,'W7BJ0WMT3F1988589','003','FH-EAEM0149','installed',57.54),(1511,'B8SSPH58WRS521686','004','HI-EAEM0149','received',28.07),(1512,'ND31ETCB3XK917122','001','MH-EAEM0149','installed',5.43),(1513,'G05OT6PRY0O583244','003','OA-EAEM0149','installed',13.08),(1514,'UHTZCO50NI6402584','002','SO-EAEM0149','installed',46.55),(1515,'EBZZN84J0L1163524','002','SS-EAEM0149','installed',77.46),(1516,'3LQVMGKNRTE915571','001','SE-EAEM0149','installed',73.23),(1517,'QI0DMNKRDZJ539897','005','SX-EAEM0149','installed',30.32),(1518,'UDI7LAGS7QL483060','001','XM-EAEM0149','installed',98.55),(1519,'8QC0CE5XB6N801356','004','ZY-EAEM0149','ordered',4.17),(1520,'QYJ40J7KB2A426113','004','ZY-EAEM0149','installed',94.81),(1521,'EBZZN84J0L1163524','001','DN-EAES0108','installed',72.18),(1522,'GLJRT76OYH0767251','002','GT-EAES0108','installed',198.10),(1523,'5R18GDSB3CM032341','003','KS-EAES0108','ordered',12.56),(1524,'Y1DN8H2LGE6552424','001','KS-EAES0108','installed',77.45),(1525,'G0OMKKQI3ON337813','001','OH-EAES0108','received',13.50),(1526,'ZYJSI0PV1BK763098','001','OH-EAES0108','ordered',155.56),(1527,'W237VB7JQCR328314','002','SS-EAES0108','installed',22.59),(1528,'5R18GDSB3CM032341','002','SX-EAES0108','received',70.31),(1529,'0JF8RY7F203586325','001','GT-BAE0019','installed',26.23),(1530,'U18BDQFC4ZV145556','003','OE-BAE0019','installed',23.95),(1531,'24PJSOHL7AV555541','004','SE-BAE0019','received',41.25),(1532,'KZS5B30QSTV993892','004','ZN-BAE0019','received',53.82),(1533,'ESYSVDN5WUF888037','001','ZT-BAE0019','installed',20.20),(1534,'3LMQEJ637DV562400','001','FH-BAE0020','installed',18.25),(1535,'U0IW6RMXF3E643006','002','FH-BAE0020','installed',59.31),(1536,'761PGMYLX0T843950','004','GT-BAE0020','installed',59.01),(1537,'CZIU7B73Q86955353','004','GT-BAE0020','installed',86.70),(1538,'EBDPUOZW0UW750384','001','HI-BAE0020','installed',2.69),(1539,'GX7M6O4V208624783','002','OA-BAE0020','installed',15.51),(1540,'NSMNR56SEOU091726','002','OA-BAE0020','installed',56.33),(1541,'MAMDBMJQE5N094237','001','SX-BAE0020','installed',21.08),(1542,'3DKKMGIZ7YP000949','002','DN-EAEAD0046','ordered',1.71),(1543,'V0CS6FK0F2L619952','001','DN-EAEAD0046','installed',20.08),(1544,'GLJRT76OYH0767251','003','KS-EAEAD0046','installed',16.67),(1545,'KU7WAYY7WVW387657','003','OA-EAEAD0046','installed',71.62),(1546,'UVZX51MOHHZ350304','001','OA-EAEAD0046','installed',22.98),(1547,'DU400SRFFTR031554','001','SO-EAEAD0046','installed',38.93),(1548,'5GJZF82LII6385235','002','SS-EAEAD0046','installed',17.36),(1549,'5JK48AIE01F557082','001','SS-EAEAD0046','installed',100.40),(1550,'HF61EINCEKB377113','004','ZY-EAEAD0046','ordered',32.37),(1551,'CKP0OYNPTQV900997','005','BX-EAEWH0131','installed',113.11),(1552,'C3FOQPRK48B009537','002','GT-EAEWH0131','received',103.65),(1553,'W0568WGO5WJ438874','002','GT-EAEWH0131','received',32.09),(1554,'CKP0OYNPTQV900997','001','KS-EAEWH0131','installed',18.85),(1555,'F2Q618FX05Z072513','001','KS-EAEWH0131','installed',9.44),(1556,'YOIOCT8QVK8729970','002','KS-EAEWH0131','installed',33.90),(1557,'ND31ETCB3XK917122','001','MH-EAEWH0131','installed',54.57),(1558,'22IBT631ZQB560111','003','OA-EAEWH0131','received',92.12),(1559,'5GJZF82LII6385235','001','OH-EAEWH0131','installed',31.66),(1560,'B0VBO26AVSF452216','001','SO-EAEWH0131','installed',47.75),(1561,'O6FN2LHJYJP625193','002','XM-EAEWH0131','installed',59.46),(1562,'8T3FRD4XLHS244610','001','ZT-EAEWH0131','installed',29.79),(1563,'CLEGAGVNX62265577','004','ZT-EAEWH0131','installed',11.71),(1564,'4MXLVV84A6C633165','004','GT-BAE0002','installed',5.50),(1565,'B8SSPH58WRS521686','004','HI-BAE0002','installed',22.86),(1566,'34LPXEKDI4K738049','001','MH-BAE0002','installed',47.48),(1567,'7O8R4N0I445396787','002','PP-BAE0002','received',82.81),(1568,'8HVXXFQ4M58279132','001','PP-BAE0002','installed',16.53),(1569,'H8V4P7W7UDF905029','003','SE-BAE0002','installed',6.73),(1570,'NLS6KSCMBLK635055','002','SX-BAE0002','installed',14.67),(1571,'FH3BO3MF7F8943017','002','ZN-BAE0002','received',43.33),(1572,'8QC0CE5XB6N801356','003','BX-EAEGAM0072','ordered',50.51),(1573,'BKMITEBY1EN848184','003','DN-EAEGAM0072','received',16.62),(1574,'X6PGCLX142L353015','003','DN-EAEGAM0072','installed',24.98),(1575,'4MXLVV84A6C633165','003','FH-EAEGAM0072','installed',21.12),(1576,'MQRWSH8TDSA328716','001','FH-EAEGAM0072','installed',31.49),(1577,'7UNLIZIDGDO334562','003','OA-EAEGAM0072','installed',120.48),(1578,'NLS6KSCMBLK635055','001','OE-EAEGAM0072','installed',33.44),(1579,'W237VB7JQCR328314','002','SS-EAEGAM0072','installed',54.64),(1580,'7O8R4N0I445396787','001','BX-BAE0021','received',98.32),(1581,'73MVKB63GMJ964569','001','FH-BAE0021','installed',156.22),(1582,'7UNLIZIDGDO334562','004','GT-BAE0021','installed',83.23),(1583,'014YJPHOCI4928433','001','HI-BAE0021','installed',37.28),(1584,'CKP0OYNPTQV900997','003','KS-BAE0021','installed',60.80),(1585,'KU7WAYY7WVW387657','003','OA-BAE0021','installed',65.94),(1586,'8QC0CE5XB6N801356','001','OH-BAE0021','ordered',11.08),(1587,'AXEV4VONGOV055454','005','SS-BAE0021','installed',432.38),(1588,'5N8JUSLD214397601','003','BX-EAEESS0061','installed',48.17),(1589,'A2YAQD6KDWM503404','002','FH-EAEESS0061','installed',22.82),(1590,'5HIL3GKIIB7639416','001','OA-EAEESS0061','installed',41.65),(1591,'75JPSZY0BUP284256','001','OH-EAEESS0061','installed',7.56),(1592,'ESYSVDN5WUF888037','002','SX-EAEESS0061','installed',1.82),(1593,'X3SCPDYFXR1281696','001','XM-EAEESS0061','installed',47.46),(1594,'YOIOCT8QVK8729970','001','ZN-EAEESS0061','installed',28.04),(1595,'C3FOQPRK48B009537','004','ZT-EAEESS0061','ordered',67.92),(1596,'8QC0CE5XB6N801356','003','BX-EAEGAM0073','received',16.76),(1597,'A7LI8UIU28Q222693','004','GT-EAEGAM0073','installed',18.52),(1598,'5KP0CNPH5CW303661','001','HI-EAEGAM0073','installed',28.96),(1599,'NTLNBNESY0F523188','001','SE-EAEGAM0073','installed',107.55),(1600,'5R18GDSB3CM032341','002','SX-EAEGAM0073','received',66.16),(1601,'MAMDBMJQE5N094237','001','SX-EAEGAM0073','installed',37.82),(1602,'6U7HLHZK3GP057957','002','BX-EAEGAM0074','received',86.81),(1603,'2P0M0KIT617709587','005','FH-EAEGAM0074','installed',107.69),(1604,'0JF8RY7F203586325','001','GT-EAEGAM0074','installed',44.97),(1605,'3ZQSQH7KCWX963150','001','HI-EAEGAM0074','installed',24.56),(1606,'UVZX51MOHHZ350304','002','SS-EAEGAM0074','installed',54.52),(1607,'G11UA2D181O142111','001','SE-EAEGAM0074','installed',66.42),(1608,'X3SCPDYFXR1281696','001','XM-EAEGAM0074','installed',2.69),(1609,'YRAKHFEO0D1858938','001','XM-EAEGAM0074','installed',46.66),(1610,'PXZGV28A8KN434243','005','DN-BAE0022','installed',13.02),(1611,'1TYZPWJUY8S534217','001','FH-BAE0022','installed',135.58),(1612,'OENGRAALQH3524656','001','FH-BAE0022','ordered',2.26),(1613,'W7BJ0WMT3F1988589','003','FH-BAE0022','installed',46.24),(1614,'BKMITEBY1EN848184','004','MH-BAE0022','ordered',3.82),(1615,'53WEVPX7H4X102116','003','OA-BAE0022','installed',46.73),(1616,'UY0J2ZE2WC4929234','001','PP-BAE0022','received',21.43),(1617,'XJZQEGWAV7Q033418','004','SO-BAE0022','installed',38.59),(1618,'OWWSKLAS7QX817356','005','SS-BAE0022','installed',52.65),(1619,'O05A7ND5MR4856060','002','OA-BAEW0036','installed',81.49),(1620,'5JK48AIE01F557082','004','RN-BAEW0036','installed',50.93),(1621,'G05OT6PRY0O583244','002','XM-BAEW0036','installed',36.09),(1622,'8XV8E2COQQ0978402','002','ZN-BAEW0036','installed',0.11),(1623,'XJZQEGWAV7Q033418','001','DN-BAEW0037','installed',2.85),(1624,'GLJRT76OYH0767251','003','KS-BAEW0037','installed',2.32),(1625,'AHCTXZIUNLT990408','006','OE-BAEW0037','ordered',28.67),(1626,'KGXXM02N16Y917081','001','OH-BAEW0037','installed',66.96),(1627,'OWWSKLAS7QX817356','001','OH-BAEW0037','installed',32.15),(1628,'XJZQEGWAV7Q033418','005','PP-BAEW0037','installed',10.03),(1629,'A4YNNJNA3YO795177','001','SX-BAEW0037','installed',32.07),(1630,'6AHSK5ZQ35S410112','002','ZY-BAEW0037','received',26.17),(1631,'K3E2NL0ALH6201724','003','DN-BAEW0040','installed',102.23),(1632,'GIOLVCOW6FP335188','001','FH-BAEW0040','installed',3.20),(1633,'2JJYDSM8ONT301410','003','GT-BAEW0040','received',63.07),(1634,'8KJNJ10WXLA842695','003','GT-BAEW0040','installed',14.58),(1635,'OA2AULLS70C156569','001','HI-BAEW0040','installed',5.04),(1636,'0OE58G1RATR240921','001','KS-BAEW0040','received',54.90),(1637,'1NVXI5JXG3Q330243','003','KS-BAEW0040','received',49.40),(1638,'4YXU2TN1NJU843634','002','KS-BAEW0040','installed',38.19),(1639,'D4G0CTZMD2X930012','004','OA-BAEW0040','installed',34.10),(1640,'OLSEKFK5ZQ6130350','001','OA-BAEW0040','installed',44.79),(1641,'5HJ7JGARQY7410384','002','OE-BAEW0040','installed',78.37),(1642,'C15HS5VBR7W535537','002','PP-BAEW0040','ordered',126.11),(1643,'GLJRT76OYH0767251','004','PP-BAEW0040','installed',16.08),(1644,'HE08QS6227G217277','001','PP-BAEW0040','installed',61.07),(1645,'1RYAWHVZXTT082005','001','SE-BAEW0040','installed',49.13),(1646,'3UZC10YHEMA746460','002','ZN-BAEW0040','installed',527.58),(1647,'EBZZN84J0L1163524','006','OE-BAEW0038','installed',19.00),(1648,'EEC7DB0AVX8841803','004','PP-BAEW0038','ordered',42.49),(1649,'O5TDAJX7MJE979632','001','SS-BAEW0038','installed',35.29),(1650,'GG7T8HJFVBJ354520','002','XM-BAEW0038','installed',20.41),(1651,'FQQN4F0Y2Y4911016','001','ZN-BAEW0038','installed',78.67),(1652,'OWWSKLAS7QX817356','004','ZY-BAEW0038','installed',70.32),(1653,'T8VKW8BVR4S799169','001','ZY-BAEW0038','installed',117.54),(1654,'1NVXI5JXG3Q330243','002','DN-BAEW0039','received',99.33),(1655,'VFRZ3NRGP3T720592','001','MH-BAEW0039','installed',17.47),(1656,'GX7M6O4V208624783','004','OE-BAEW0039','installed',42.57),(1657,'HRKE60F31H6918971','001','PP-BAEW0039','installed',34.55),(1658,'OYSBYKKMW7W431727','001','SS-BAEW0039','installed',11.38),(1659,'EFWM866BVP1512173','002','ZN-BAEW0039','installed',32.03),(1660,'B6DYAUVZOLO290932','001','FH-EAEM0150','received',93.23),(1661,'ND31ETCB3XK917122','002','MH-EAEM0150','ordered',19.67),(1662,'618DR7M1L2G015076','001','SE-EAEM0150','ordered',95.14),(1663,'5R18GDSB3CM032341','002','SX-EAEM0150','ordered',44.73),(1664,'FH3BO3MF7F8943017','001','XM-EAEM0150','installed',115.90),(1665,'X6PGCLX142L353015','004','ZT-EAEM0150','installed',40.23);
/*!40000 ALTER TABLE `POPart` ENABLE KEYS */;
UNLOCK TABLES;

--
-- Table structure for table `Type`
--

DROP TABLE IF EXISTS `Type`;
/*!40101 SET @saved_cs_client     = @@character_set_client */;
/*!40101 SET character_set_client = utf8 */;
CREATE TABLE `Type` (
  `type_id` int(11) NOT NULL AUTO_INCREMENT,
  `type_name` varchar(50) COLLATE utf8mb4_general_ci NOT NULL,
  PRIMARY KEY (`type_id`),
  UNIQUE KEY `type_name` (`type_name`)
) ENGINE=InnoDB AUTO_INCREMENT=8 DEFAULT CHARSET=utf8mb4 COLLATE=utf8mb4_general_ci;
/*!40101 SET character_set_client = @saved_cs_client */;

--
-- Dumping data for table `Type`
--

LOCK TABLES `Type` WRITE;
/*!40000 ALTER TABLE `Type` DISABLE KEYS */;
INSERT INTO `Type` VALUES (2,'Convertible'),(3,'Coupe'),(1,'Minivan'),(4,'Sedan'),(6,'SUV'),(7,'Truck'),(5,'Van');
/*!40000 ALTER TABLE `Type` ENABLE KEYS */;
UNLOCK TABLES;

--
-- Table structure for table `User`
--

DROP TABLE IF EXISTS `User`;
/*!40101 SET @saved_cs_client     = @@character_set_client */;
/*!40101 SET character_set_client = utf8 */;
CREATE TABLE `User` (
  `user_id` int(11) NOT NULL AUTO_INCREMENT,
  `first_name` varchar(45) COLLATE utf8mb4_general_ci NOT NULL,
  `last_name` varchar(45) COLLATE utf8mb4_general_ci NOT NULL,
  `username` varchar(20) COLLATE utf8mb4_general_ci NOT NULL,
  `password` varchar(100) COLLATE utf8mb4_general_ci NOT NULL,
  PRIMARY KEY (`user_id`)
) ENGINE=InnoDB AUTO_INCREMENT=27 DEFAULT CHARSET=utf8mb4 COLLATE=utf8mb4_general_ci;
/*!40101 SET character_set_client = @saved_cs_client */;

--
-- Dumping data for table `User`
--

LOCK TABLES `User` WRITE;
/*!40000 ALTER TABLE `User` DISABLE KEYS */;
INSERT INTO `User` VALUES (1,'G','Burdell','burdell','burdell'),(2,'Gail','Paprocki','user01','pass01'),(3,'Leatha','Tomasulo','user02','pass02'),(4,'Jeanice','Ragel','user03','pass03'),(5,'Erick','Harabedian','user04','pass04'),(6,'Margart','Silvestrini','user05','pass05'),(7,'Valentin','Louissant','user06','pass06'),(8,'Thaddeus','Honeywell','user07','pass07'),(9,'Venita','Tolfree','user08','pass08'),(10,'Salena','Kalafatis','user09','pass09'),(11,'Peggie','Discipio','user10','pass10'),(12,'Serina','Worlds','user11','pass11'),(13,'Laticia','Aquas','user12','pass12'),(14,'Portia','Bowley','user13','pass13'),(15,'Alex','Lungren','user14','pass14'),(16,'Ettie','Ruta','user15','pass15'),(17,'Felix','Perigo','user16','pass16'),(18,'Franklyn','Flosi','user17','pass17'),(19,'Virgina','Patak','user18','pass18'),(20,'Frederica','Francescon','user19','pass19'),(21,'Simona','Halter','user20','pass20'),(22,'Jerry','Meinerding','user21','pass21'),(23,'Leslie','Frerking','user22','pass22'),(24,'Aja','Hoa','user23','pass23'),(25,'Jolene','Modzelewski','user24','pass24'),(26,'Rozella','Chavous','user25','pass25');
/*!40000 ALTER TABLE `User` ENABLE KEYS */;
UNLOCK TABLES;

--
-- Table structure for table `UserJob`
--

DROP TABLE IF EXISTS `UserJob`;
/*!40101 SET @saved_cs_client     = @@character_set_client */;
/*!40101 SET character_set_client = utf8 */;
CREATE TABLE `UserJob` (
  `user_id` int(11) NOT NULL,
  `job_id` int(11) NOT NULL,
  PRIMARY KEY (`user_id`,`job_id`),
  KEY `fk_user_job_job` (`job_id`),
  CONSTRAINT `fk_user_job_job` FOREIGN KEY (`job_id`) REFERENCES `job` (`job_id`),
  CONSTRAINT `fk_user_job_user` FOREIGN KEY (`user_id`) REFERENCES `user` (`user_id`)
) ENGINE=InnoDB DEFAULT CHARSET=utf8mb4 COLLATE=utf8mb4_general_ci;
/*!40101 SET character_set_client = @saved_cs_client */;

--
-- Dumping data for table `UserJob`
--

LOCK TABLES `UserJob` WRITE;
/*!40000 ALTER TABLE `UserJob` DISABLE KEYS */;
INSERT INTO `UserJob` VALUES (1,2),(2,2),(20,2),(22,2),(1,3),(3,3),(4,3),(5,3),(6,3),(7,3),(8,3),(11,3),(13,3),(15,3),(19,3),(23,3),(25,3),(1,4),(9,4),(10,4),(12,4),(14,4),(16,4),(17,4),(18,4),(21,4),(24,4),(26,4);
/*!40000 ALTER TABLE `UserJob` ENABLE KEYS */;
UNLOCK TABLES;

--
-- Table structure for table `Vehicle`
--

DROP TABLE IF EXISTS `Vehicle`;
/*!40101 SET @saved_cs_client     = @@character_set_client */;
/*!40101 SET character_set_client = utf8 */;
CREATE TABLE `Vehicle` (
  `VIN` varchar(20) COLLATE utf8mb4_general_ci NOT NULL,
  `original_price` decimal(10,0) NOT NULL,
  `model_year` varchar(50) COLLATE utf8mb4_general_ci NOT NULL,
  `model_name` varchar(50) COLLATE utf8mb4_general_ci NOT NULL,
  `owner_id` int(11) NOT NULL,
  `type_id` int(11) NOT NULL,
  `mfg_id` int(11) NOT NULL,
  `mileage` varchar(10) COLLATE utf8mb4_general_ci NOT NULL,
  `car_condition` varchar(20) COLLATE utf8mb4_general_ci NOT NULL,
  `description` text COLLATE utf8mb4_general_ci,
  `add_by` int(11) DEFAULT NULL,
  `purchased_by` int(11) DEFAULT NULL,
  `sold_by` int(11) DEFAULT NULL,
  `add_at` datetime NOT NULL DEFAULT CURRENT_TIMESTAMP,
  `sold_at` datetime DEFAULT CURRENT_TIMESTAMP ON UPDATE CURRENT_TIMESTAMP,
  PRIMARY KEY (`VIN`),
  KEY `fk_vehicle_owner` (`owner_id`),
  KEY `fk_vehicle_purchase` (`purchased_by`),
  KEY `fk_vehicle_type` (`type_id`),
  KEY `fk_vehicle_mfg` (`mfg_id`),
  KEY `fk_vehicle_user` (`add_by`),
  KEY `fk_vehicle_sell` (`sold_by`),
  CONSTRAINT `fk_vehicle_mfg` FOREIGN KEY (`mfg_id`) REFERENCES `manufacturer` (`mfg_id`),
  CONSTRAINT `fk_vehicle_owner` FOREIGN KEY (`owner_id`) REFERENCES `customer` (`customer_id`),
  CONSTRAINT `fk_vehicle_purchase` FOREIGN KEY (`purchased_by`) REFERENCES `customer` (`customer_id`),
  CONSTRAINT `fk_vehicle_sell` FOREIGN KEY (`sold_by`) REFERENCES `user` (`user_id`),
  CONSTRAINT `fk_vehicle_type` FOREIGN KEY (`type_id`) REFERENCES `type` (`type_id`),
  CONSTRAINT `fk_vehicle_user` FOREIGN KEY (`add_by`) REFERENCES `user` (`user_id`)
) ENGINE=InnoDB DEFAULT CHARSET=utf8mb4 COLLATE=utf8mb4_general_ci;
/*!40101 SET character_set_client = @saved_cs_client */;

--
-- Dumping data for table `Vehicle`
--

LOCK TABLES `Vehicle` WRITE;
/*!40000 ALTER TABLE `Vehicle` DISABLE KEYS */;
INSERT INTO `Vehicle` VALUES ('014YJPHOCI4928433',6340,'2017','500L',139,3,5,'10235','Excellent','modern dashboard; ',23,44,18,'2019-03-06 00:00:00','2019-04-05 00:00:00'),('0JF8RY7F203586325',2700,'2013','A8 QUATTRO',175,3,27,'58500','Very Good','disc brake; ',13,84,16,'2018-12-26 00:00:00','2019-04-12 00:00:00'),('0O3JJPHBUAP199412',1302,'2011','COMPASS',104,6,29,'27964','Very Good','rack and pinion steering; ',11,NULL,NULL,'2018-09-24 00:00:00',NULL),('0OE58G1RATR240921',3174,'2012','S',135,6,3,'96105','Very Good','anti-lock brake system (ABS); ',1,NULL,NULL,'2018-12-10 00:00:00',NULL),('0S57SUJ4IC1640897',12606,'2019','328I GT XDRIVE',200,1,31,'3250','Good','broad wheelbase; ',8,NULL,NULL,'2018-11-15 00:00:00',NULL),('0T5ZIYO5EKW808246',2984,'2013','CASCADIA',58,6,11,'30870','Excellent','anti-lock brake system (ABS); ',6,159,9,'2019-08-12 00:00:00','2019-08-19 00:00:00'),('13AVT0QCFFF714899',6967,'2016','PROMASTER 2500',34,2,32,'42588','Excellent','rack and pinion steering; ',3,157,21,'2018-09-09 00:00:00','2019-07-07 00:00:00'),('14AFTWPBMU2455340',1387,'2010','ELISE',166,3,15,'23001','Good','best suspension; ',11,131,10,'2019-01-20 00:00:00','2019-03-29 00:00:00'),('16VZ2D5K2UA224265',4059,'2008','TRX500FPE FOURTRAX FOREMAN 4X4 ES W',57,4,26,'2761','Excellent','crumple zones; ',13,75,18,'2019-01-24 00:00:00','2019-03-12 00:00:00'),('17HGBSZJRPL452058',1621,'2012','MP4-12C',178,5,18,'74144','Fair','front wheel drive; ',1,NULL,NULL,'2019-03-05 00:00:00',NULL),('1H36B25NJNN984344',1399,'2009','RONDO',160,4,37,'68840','Very Good','station wagon (Also known as wagon.); anti-lock brake system (ABS); ',6,NULL,NULL,'2019-08-08 00:00:00',NULL),('1IXFVT6SR0P763165',3543,'2009','CALIFORNIA',178,6,25,'45349','Good','autotachometer; ',25,NULL,NULL,'2019-01-11 00:00:00',NULL),('1NVXI5JXG3Q330243',4401,'2015','DURANGO',6,5,21,'3812','Excellent','automatic valves; wide chassis; ',1,NULL,NULL,'2019-04-02 00:00:00',NULL),('1P4CYBF55BZ319515',1834,'2005','FORFOUR',102,1,16,'44652','Excellent','engine displacement; ',19,185,12,'2019-07-31 00:00:00','2019-08-29 00:00:00'),('1PHWGTVKSC5888281',2193,'2011','LIBERTY',96,4,29,'48500','Fair','',13,22,17,'2018-08-18 00:00:00','2019-07-23 00:00:00'),('1RYAWHVZXTT082005',6162,'2008','FORTWO',191,2,16,'47315','Excellent','wide cam; ',3,NULL,NULL,'2018-09-28 00:00:00',NULL),('1SW1IVG7FRC996431',1833,'2011','A4',124,3,27,'41765','Fair','',3,190,9,'2018-10-13 00:00:00','2019-05-03 00:00:00'),('1TY0OZ6776O551065',2424,'2005','ESCALADE EXT',20,2,39,'114217','Fair','super new ignition system; ',4,40,10,'2019-06-07 00:00:00','2019-06-07 00:00:00'),('1TYZPWJUY8S534217',6141,'2009','3 SPORT',140,2,13,'181190','Good','automatic safety features; detail; great engine; ',5,NULL,NULL,'2018-09-19 00:00:00',NULL),('22IBT631ZQB560111',3237,'2018','CTX700',125,3,26,'42294','Very Good','no understeer; ',5,NULL,NULL,'2018-10-31 00:00:00',NULL),('24PJSOHL7AV555541',2565,'2011','750LI',174,2,31,'96378','Very Good','broad wheelbase; ',11,NULL,NULL,'2018-11-10 00:00:00',NULL),('2A8QZNBMXTP305324',2676,'2010','MAGENTIS',79,3,37,'24948','Excellent','no redline; ',5,101,12,'2018-10-31 00:00:00','2018-12-23 00:00:00'),('2IFG4587RJD359460',6122,'2019','P1',9,4,18,'20792','Good','air filtration system; sport utility vehicle-SUV; ',25,174,1,'2019-07-02 00:00:00','2019-08-10 00:00:00'),('2JJYDSM8ONT301410',3268,'2009','HP2 SPORT',28,3,31,'16232','Fair','high differential; ',19,NULL,NULL,'2018-12-19 00:00:00',NULL),('2MHCSVAPEB8589057',5058,'2010','CORONADO',15,4,11,'60964','Fair','great rpms; sturdy rear axle assembly; ',1,199,18,'2018-10-26 00:00:00','2019-03-14 00:00:00'),('2P0M0KIT617709587',4409,'2003','SIERRA 3500',97,2,12,'60724','Fair','sport utility vehicle-SUV; ',8,NULL,NULL,'2019-04-14 00:00:00',NULL),('30TKOS7OOZE898754',3600,'2013','GRANTURISMO',45,7,23,'203071','Excellent','oversteer; best sedan; ',1,123,16,'2018-09-27 00:00:00','2018-10-30 00:00:00'),('31WBMVJRBOT808956',5294,'2009','NITRO',87,3,21,'100072','Fair','strong muffler; ',3,88,1,'2018-07-29 00:00:00','2019-05-17 00:00:00'),('34LPXEKDI4K738049',4529,'2004','M45',12,2,8,'174720','Good','autotachometer; ',23,NULL,NULL,'2019-02-08 00:00:00',NULL),('35F4JXSH0HA820194',1190,'2002','EL',137,4,36,'17820','Good','safe oil ring; all passive safety features; ',4,185,10,'2019-08-16 00:00:00','2019-08-19 00:00:00'),('37HKK6A8BK4624844',3524,'2003','V40',121,4,41,'34239','Very Good','convertible; ',23,NULL,NULL,'2019-06-17 00:00:00',NULL),('3DGXA813LBG126575',3511,'2010','EVORA',118,6,15,'12806','Good','minivan; air filtration system; detail; ',3,33,26,'2019-07-10 00:00:00','2019-08-27 00:00:00'),('3DKKMGIZ7YP000949',1730,'2005','F650GS DAKAR',189,5,31,'92525','Very Good','anti-lock brake system (ABS); ',3,NULL,NULL,'2018-12-12 00:00:00',NULL),('3LMQEJ637DV562400',1771,'2009','TRIBUTE',77,3,13,'13560','Good','',6,123,17,'2018-07-19 00:00:00','2018-07-31 00:00:00'),('3LQVMGKNRTE915571',4800,'2006','FX45',114,1,8,'155381','Good','crankcase; wide cam; great engine; ',3,NULL,NULL,'2018-10-05 00:00:00',NULL),('3TOSZKDPVLP927027',4454,'2017','CHEROKEE',133,4,29,'143265','Fair','wide transaxle; ',23,NULL,NULL,'2018-10-10 00:00:00',NULL),('3UZC10YHEMA746460',52884,'2019','LX570',86,4,2,'8698','Very Good','oversteer; ',1,NULL,NULL,'2018-12-28 00:00:00',NULL),('3ZQSQH7KCWX963150',1190,'2004','EL',45,2,36,'135708','Excellent','automatic torque converter; ',4,10,18,'2019-01-10 00:00:00','2019-05-14 00:00:00'),('46B8UPAQCVW796829',2480,'2005','TERRAZA',31,4,7,'11280','Very Good','good gear; ',23,143,16,'2018-11-16 00:00:00','2019-02-06 00:00:00'),('47WYW4D65K1598826',4154,'2001','CIRRUS',110,5,22,'2463','Very Good','small spark plug gap; ',1,4,17,'2018-12-01 00:00:00','2019-03-28 00:00:00'),('4G1Z11HOQ3P797692',18344,'2019','HIGHLANDER',163,3,34,'4173','Excellent','hydraulic brakes; ',1,119,24,'2019-06-04 00:00:00','2019-08-12 00:00:00'),('4MXLVV84A6C633165',4647,'2009','ROADSTER',156,4,3,'13420','Fair','automatic transmission; wide chassis; ',25,56,17,'2019-04-14 00:00:00','2019-08-06 00:00:00'),('4PQ5C344WM2161232',1552,'2005','V50',19,2,41,'45144','Good','strong muffler; automatic safety features; ',1,NULL,NULL,'2019-07-27 00:00:00',NULL),('4TSP05XM3T7777863',10134,'2017','4C',62,1,4,'17140','Fair','',1,74,16,'2018-08-13 00:00:00','2019-02-18 00:00:00'),('4YXU2TN1NJU843634',2193,'2012','LIBERTY',182,4,29,'74124','Fair','wide cam; ',1,4,21,'2019-07-12 00:00:00','2019-07-22 00:00:00'),('53WEVPX7H4X102116',2912,'2013','CANTER FG4X4',85,5,19,'38498','Fair','best oil pump; sturdy side impact beams; ',13,66,10,'2018-10-31 00:00:00','2019-02-23 00:00:00'),('5A12HXO5U8T698581',1621,'2014','MP4-12C',133,4,18,'120300','Excellent','',13,151,18,'2019-04-12 00:00:00','2019-04-13 00:00:00'),('5A77A0KQT4Q738091',3770,'2011','COROLLA',31,2,34,'24286','Good','drum brake; ',13,124,10,'2018-11-22 00:00:00','2019-01-10 00:00:00'),('5GJZF82LII6385235',1196,'2015','MAXIMA',188,4,33,'107850','Good','supernew catalytic converter; ',15,176,24,'2018-10-11 00:00:00','2019-01-26 00:00:00'),('5HIL3GKIIB7639416',1490,'2006','BUSINESS CLASS M2',199,5,11,'11580','Very Good','',8,103,26,'2018-10-09 00:00:00','2019-02-13 00:00:00'),('5HJ7JGARQY7410384',3586,'2002','550 MARANELLO',196,2,25,'16503','Good','air filtration system; ',19,173,12,'2018-10-07 00:00:00','2019-08-15 00:00:00'),('5JK48AIE01F557082',3511,'2013','EVORA',20,7,15,'183196','Fair','',5,182,14,'2018-07-24 00:00:00','2019-02-18 00:00:00'),('5KP0CNPH5CW303661',1771,'2001','TRIBUTE',69,7,13,'23184','Excellent','original equipment manufacturer (OEM) parts; ',7,177,10,'2018-07-26 00:00:00','2019-03-09 00:00:00'),('5N8JUSLD214397601',4546,'2010','458 ITALIA',194,2,25,'99600','Fair','no understeer; minivan; ',3,191,21,'2018-10-07 00:00:00','2018-12-10 00:00:00'),('5R18GDSB3CM032341',2552,'2002','BLACKWOOD',148,7,35,'17775','Very Good','convertible; autotachometer; ',8,NULL,NULL,'2019-03-25 00:00:00',NULL),('60BMLFB8XK5792806',2053,'2005','ALLURE',124,5,7,'61836','Good','manual transmission; ',11,NULL,NULL,'2018-07-13 00:00:00',NULL),('618DR7M1L2G015076',4634,'2009','GRAND CHEROKEE',170,5,29,'188262','Very Good','wide transaxle; ',4,NULL,NULL,'2019-01-06 00:00:00',NULL),('635UCNTTHIF575495',1152,'2008','MT55',76,6,11,'63913','Fair','check the Monroney sticker - theer is nothing better than this vehicle; drive shaft; best sedan; ',5,NULL,NULL,'2019-06-10 00:00:00',NULL),('68OADH2QPOS933812',1373,'2011','CX-9',115,6,13,'56866','Very Good','rear wheel drive; ',23,134,21,'2019-01-30 00:00:00','2019-05-07 00:00:00'),('6AHSK5ZQ35S410112',3259,'2016','QX70',133,2,8,'9060','Very Good','rack and pinion steering; good gear; ',7,NULL,NULL,'2019-02-18 00:00:00',NULL),('6D300ABH65P725391',2699,'2008','8C',137,4,4,'125635','Very Good','high volume cylinder; pickup; ',7,156,16,'2019-02-10 00:00:00','2019-06-24 00:00:00'),('6DBY3C036JZ509895',1995,'2018','QX50',164,2,8,'179468','Very Good','best suspension; superturbocharger; ',25,41,26,'2018-07-14 00:00:00','2019-07-07 00:00:00'),('6KWLNKZW7TB480162',4178,'2002','BOXSTER',5,1,10,'179082','Good','coupe; best sedan; crankcase; ',13,38,26,'2018-07-17 00:00:00','2018-09-14 00:00:00'),('6RQECM8EO3O323457',2700,'2004','A8 QUATTRO',17,5,27,'48705','Excellent','best oil pump; automatic transmission; ',13,25,16,'2019-01-02 00:00:00','2019-05-03 00:00:00'),('6U7HLHZK3GP057957',3152,'2006','B9 TRIBECA',81,6,38,'51770','Fair','automatic valves; four-wheel drive; ',23,NULL,NULL,'2018-12-25 00:00:00',NULL),('73MVKB63GMJ964569',5971,'2009','LEGACY',22,6,38,'6381','Fair','best sedan; ',8,115,18,'2019-07-17 00:00:00','2019-08-30 00:00:00'),('75JPSZY0BUP284256',4079,'2001','FK',138,7,19,'6381','Fair','rack and pinion steering; overdrive; ',4,184,14,'2018-07-27 00:00:00','2019-06-17 00:00:00'),('761PGMYLX0T843950',2691,'2016','QUATTROPORTE',68,7,23,'69012','Very Good','check the Monroney sticker - theer is nothing better than this vehicle; ',3,35,24,'2018-08-19 00:00:00','2019-04-12 00:00:00'),('7E5LCY5NETS057532',1552,'2007','STS',107,3,39,'150414','Fair','engine displacement; ',7,NULL,NULL,'2018-12-06 00:00:00',NULL),('7O8R4N0I445396787',4143,'2003','CARAVAN',114,1,21,'127582','Fair','',5,NULL,NULL,'2019-03-09 00:00:00',NULL),('7QIC6ZYHPQP552709',2509,'2010','CAYMAN',87,7,10,'5096','Very Good','drum brake; sport utility vehicle-SUV; great rpms; ',23,117,26,'2019-01-26 00:00:00','2019-06-21 00:00:00'),('7UNLIZIDGDO334562',4664,'2018','EDGE',7,3,1,'135676','Very Good','power train; check the Monroney sticker - theer is nothing better than this vehicle; ',3,169,17,'2019-06-02 00:00:00','2019-06-03 00:00:00'),('88KRF6X46P3045996',3748,'2004','XC70',129,5,41,'5360','Good','best radiator; ',13,165,24,'2019-06-04 00:00:00','2019-06-10 00:00:00'),('8CQ1LP4Q6N2279150',2543,'2008','SUPER V8',129,5,17,'69548','Good','high torque; wide transaxle; front axle assembly; ',1,96,26,'2019-02-05 00:00:00','2019-05-21 00:00:00'),('8DD32HTIZXL090058',4379,'2008','SPORTAGE',2,5,37,'78444','Good','high quality carburetor; ',6,159,10,'2019-04-02 00:00:00','2019-05-04 00:00:00'),('8ER23OFXZ1E916228',2129,'2006','LACROSSE',37,7,7,'44565','Very Good','sturdy side impact beams; very hard struts; ',23,NULL,NULL,'2019-05-17 00:00:00',NULL),('8HVXXFQ4M58279132',1103,'2009','TRIBECA',166,1,38,'12934','Good','engine displacement; ',7,169,26,'2019-06-21 00:00:00','2019-07-16 00:00:00'),('8KJNJ10WXLA842695',3268,'2003','FE',174,7,19,'5859','Fair','small spark plug gap; sturdy rear axle assembly; ',11,126,24,'2019-08-18 00:00:00','2019-08-23 00:00:00'),('8O3HA3XCMF8542802',5952,'2013','GRANTURISMO',155,2,23,'10233','Excellent','safe oil ring; ',19,1,12,'2018-08-08 00:00:00','2018-08-17 00:00:00'),('8OU7JH0IJU6315337',2771,'2011','ENCLAVE',198,6,7,'11556','Very Good','',23,55,17,'2019-02-03 00:00:00','2019-06-25 00:00:00'),('8QC0CE5XB6N801356',1968,'2008','S4',153,5,27,'53160','Very Good','rack and pinion steering; ',4,NULL,NULL,'2018-11-03 00:00:00',NULL),('8SJQHUYKEFC732678',1799,'2001','ESPRIT',146,1,15,'80720','Fair','automatic transmission; superturbocharger; ',25,159,1,'2019-01-17 00:00:00','2019-02-19 00:00:00'),('8SL0YJUFMTV627191',2447,'2009','BEETLE',160,5,40,'101382','Fair','coupe; ',15,89,26,'2018-12-10 00:00:00','2019-05-17 00:00:00'),('8T3FRD4XLHS244610',4086,'2013','FORTE5',113,2,37,'84663','Good','safe oil ring; ',4,NULL,NULL,'2018-10-20 00:00:00',NULL),('8X5CIATJ07I167727',1031,'2002','FC70',196,3,11,'52838','Excellent','sturdy side impact beams; ',25,NULL,NULL,'2019-02-14 00:00:00',NULL),('8XV8E2COQQ0978402',4379,'2012','SPORTAGE',16,6,37,'57282','Good','no understeer; ',11,NULL,NULL,'2019-02-16 00:00:00',NULL),('A1NMYTKAQVI515298',4685,'2009','TORNADO',81,2,9,'9572','Excellent','all passive safety features; power train; ',6,88,17,'2018-10-18 00:00:00','2019-04-22 00:00:00'),('A2YAQD6KDWM503404',4361,'2012','COOPER COUNTRYMAN',35,6,20,'6490','Very Good','detail; ',7,NULL,NULL,'2019-02-19 00:00:00',NULL),('A4YNNJNA3YO795177',1468,'2008','MKZ',144,2,35,'61170','Excellent','',6,NULL,NULL,'2019-04-21 00:00:00',NULL),('A7LI8UIU28Q222693',1867,'2010','CX-9',80,3,13,'9701','Fair','drive shaft; wide transaxle; ',13,61,16,'2018-10-09 00:00:00','2018-12-16 00:00:00'),('AB8O6IWO8YG995749',2624,'2005','XC90',179,4,41,'139677','Excellent','crumple zones; ',11,129,26,'2019-04-18 00:00:00','2019-06-19 00:00:00'),('ABCX0O07N6F519334',6344,'2002','Q45',30,4,8,'107835','Excellent','original equipment manufacturer (OEM) parts; modern dashboard; high torque; ',15,NULL,NULL,'2018-09-02 00:00:00',NULL),('AC4ZIL5XS7B075565',1787,'2002','RX300',137,6,2,'10500','Very Good','',6,88,10,'2019-04-14 00:00:00','2019-07-16 00:00:00'),('AEDKYKWVSR5009618',3220,'2005','ARNAGE',101,3,6,'43402','Excellent','very hard struts; ',13,145,17,'2018-07-12 00:00:00','2019-01-20 00:00:00'),('AGIIPKOGTOH069031',2050,'2009','CLK350',188,7,28,'90120','Very Good','air filtration system; ',15,136,24,'2018-12-05 00:00:00','2019-07-20 00:00:00'),('AHCTXZIUNLT990408',1925,'2013','CANTER FE160',92,3,19,'22882','Very Good','small spark plug gap; ',1,NULL,NULL,'2019-08-21 00:00:00',NULL),('AJW0OF78HVS865152',3114,'2011','SANTA FE',143,5,24,'45610','Fair','safe oil ring; ',13,NULL,NULL,'2018-10-30 00:00:00',NULL),('AXEV4VONGOV055454',19940,'2018','GALLARDO',157,7,14,'11218','Fair','coupe; ',1,136,9,'2019-05-11 00:00:00','2019-07-17 00:00:00'),('AZJAEE6WIG0491218',1745,'2018','TOWN & COUNTRY',90,5,22,'166980','Excellent','automatic transmission; ',25,NULL,NULL,'2018-08-01 00:00:00',NULL),('B0VBO26AVSF452216',1621,'2012','MP4-12C',68,4,18,'61380','Fair','',13,NULL,NULL,'2019-03-09 00:00:00',NULL),('B6DYAUVZOLO290932',3342,'2007','TL',113,6,36,'160404','Fair','small spark plug gap; electronic transmission; ',4,NULL,NULL,'2019-05-30 00:00:00',NULL),('B8SSPH58WRS521686',1809,'2003','FG',188,3,19,'78488','Fair','',5,NULL,NULL,'2019-05-30 00:00:00',NULL),('BIUHHJZSI4O016585',2622,'2008','GRANDE PUNTO',40,5,5,'48786','Good','',13,NULL,NULL,'2018-07-11 00:00:00',NULL),('BKMITEBY1EN848184',1095,'2011','CONTINENTAL',168,1,6,'17956','Good','super new ignition system; great stabilizer bar; power train; ',8,NULL,NULL,'2018-07-29 00:00:00',NULL),('C15HS5VBR7W535537',4955,'2010','COOPER',124,4,20,'26434','Excellent','best sedan; ',7,NULL,NULL,'2019-05-25 00:00:00',NULL),('C3FOQPRK48B009537',3600,'2012','GRANTURISMO',176,4,23,'102642','Very Good','',4,NULL,NULL,'2018-08-01 00:00:00',NULL),('C4KG3DGR3ED999849',2691,'2005','QUATTROPORTE',146,4,23,'200460','Good','best possible traction; drum brake; crumple zones; ',4,180,14,'2018-11-20 00:00:00','2019-02-12 00:00:00'),('C5V8FLVFK1H700605',2793,'2019','XFR-S',3,3,17,'150000','Very Good','',23,94,16,'2019-01-29 00:00:00','2019-02-28 00:00:00'),('CB7NB6TBLMD840841',1399,'2011','IS250',22,2,2,'158172','Very Good','very hard struts; ',6,NULL,NULL,'2018-07-04 00:00:00',NULL),('CKP0OYNPTQV900997',4030,'2007','TL',134,3,36,'8971','Very Good','front axle assembly; ',7,189,21,'2019-04-27 00:00:00','2019-06-30 00:00:00'),('CLEGAGVNX62265577',1178,'2007','DURANGO',186,4,21,'65368','Excellent','rack and pinion steering; ',23,55,9,'2018-10-18 00:00:00','2018-12-25 00:00:00'),('CN7453KYD25674641',4474,'2010','MKT',6,1,35,'5310','Good','best possible traction; safe oil ring; automatic torque converter; ',5,NULL,NULL,'2019-02-27 00:00:00',NULL),('CO7U820ZYJ5637259',5696,'2012','AVENTADOR',7,3,14,'17988','Excellent','engine displacement; ',11,146,17,'2019-05-17 00:00:00','2019-05-28 00:00:00'),('CZIU7B73Q86955353',3279,'2013','XK',137,4,17,'4182','Fair','small spark plug gap; drive shaft; ',5,NULL,NULL,'2018-07-25 00:00:00',NULL),('D4G0CTZMD2X930012',1506,'2008','S5',117,7,27,'15214','Fair','all passive safety features; ',8,148,10,'2018-12-02 00:00:00','2019-04-24 00:00:00'),('DBX6KOCPLNA744149',1610,'2011','M2 112',182,1,11,'107691','Excellent','strong muffler; best sedan; ',13,51,14,'2019-06-07 00:00:00','2019-07-28 00:00:00'),('DEOLOLBLB64628851',15286,'2006','FORTWO',110,5,16,'2097','Good','best sedan; ',5,NULL,NULL,'2018-08-24 00:00:00',NULL),('DF6PFCH0AEX087065',1880,'2005','EXIGE',173,5,15,'116792','Good','automatic safety features; ',23,181,12,'2018-12-26 00:00:00','2019-03-11 00:00:00'),('DFXSGTSKZHC186737',3228,'2007','EXIGE',58,5,15,'6416','Good','minivan; ',13,NULL,NULL,'2019-04-10 00:00:00',NULL),('DU400SRFFTR031554',1670,'2010','RAM 3500',24,3,21,'149680','Good','strong muffler; front wheel drive; ',13,88,21,'2019-03-02 00:00:00','2019-05-30 00:00:00'),('E4BX1OSN5TZ951910',2607,'2006','VTX1800N',42,5,26,'93240','Fair','drive shaft; ',11,NULL,NULL,'2018-08-07 00:00:00',NULL),('EBDPUOZW0UW750384',4138,'2012','MITO',167,4,4,'10249','Very Good','superturbocharger; ',4,162,18,'2019-02-28 00:00:00','2019-07-09 00:00:00'),('EBZZN84J0L1163524',3007,'2016','COOPER PACEMAN',113,5,20,'19605','Good','Automotive Service Excellence (ASE); ',11,136,10,'2018-11-10 00:00:00','2019-07-31 00:00:00'),('EEC7DB0AVX8841803',3241,'2004','FL70',130,6,11,'23544','Excellent','rack and pinion steering; ',8,NULL,NULL,'2018-07-17 00:00:00',NULL),('EFWM866BVP1512173',5567,'2004','RENDEZVOUS',193,6,7,'10028','Very Good','',13,61,12,'2019-04-08 00:00:00','2019-08-22 00:00:00'),('ELXTVDBEOKI657593',1480,'2007','F430',44,7,25,'44946','Fair','pickup; active safety features; ',23,142,18,'2018-10-14 00:00:00','2019-03-21 00:00:00'),('ESYSVDN5WUF888037',1999,'2016','MKT',109,3,35,'127780','Good','',25,145,16,'2019-06-17 00:00:00','2019-08-23 00:00:00'),('EUQV3A4A7F3196095',1368,'2011','DBS',162,5,42,'86289','Fair','great rpms; unibody construction; rack and pinion steering; ',6,56,26,'2019-02-13 00:00:00','2019-06-02 00:00:00'),('EYJA4KTGDYQ015061',1787,'2006','G35',174,4,8,'13675','Fair','',8,NULL,NULL,'2019-02-22 00:00:00',NULL),('F1IB3FDW7VP443571',1880,'2005','EXIGE',144,5,15,'27460','Excellent','automatic safety features; ',23,59,16,'2019-04-26 00:00:00','2019-07-21 00:00:00'),('F2Q618FX05Z072513',4647,'2009','ROADSTER',184,6,3,'15774','Excellent','crumple zones; ',19,73,26,'2019-04-18 00:00:00','2019-08-19 00:00:00'),('F4N3GC225MT163583',1694,'2019','TUCSON',171,2,24,'123708','Excellent','sturdy side impact beams; station wagon (Also known as wagon.); ',15,NULL,NULL,'2018-08-06 00:00:00',NULL),('FC5IOH7WXUG049482',1158,'2013','NV200',77,1,33,'30784','Excellent','great rpms; ',4,NULL,NULL,'2019-04-04 00:00:00',NULL),('FF386522UXW088260',3821,'2002','PROTEGE',58,1,13,'69006','Fair','rear wheel drive; ',5,148,18,'2019-02-09 00:00:00','2019-03-04 00:00:00'),('FH3BO3MF7F8943017',5022,'2005','ECLIPSE',22,4,19,'8477','Excellent','best suspension; safe oil ring; super new ignition system; ',5,NULL,NULL,'2019-08-25 00:00:00',NULL),('FLFOADSEVDJ743887',1288,'2014','RAM PICKUP',126,7,32,'105054','Fair','',8,NULL,NULL,'2019-04-05 00:00:00',NULL),('FQQN4F0Y2Y4911016',9506,'2018','COOPER PACEMAN',125,3,20,'17945','Good','high differential; ',3,NULL,NULL,'2018-08-01 00:00:00',NULL),('FZ1HFZ585WR955503',1262,'2003','FS65',184,1,11,'99636','Good','high quality carburetor; ',6,176,24,'2019-04-21 00:00:00','2019-06-22 00:00:00'),('G05OT6PRY0O583244',2109,'2007','F53',183,6,1,'126294','Fair','rear wheel drive; ',19,44,26,'2019-08-26 00:00:00','2019-08-26 00:00:00'),('G0OMKKQI3ON337813',1668,'2005','S430',97,2,28,'79844','Excellent','',25,NULL,NULL,'2018-08-17 00:00:00',NULL),('G11UA2D181O142111',5221,'2002','LS',74,3,35,'87664','Excellent','',11,NULL,NULL,'2018-10-05 00:00:00',NULL),('G40AQJDVI68882229',1125,'2011','Q7',163,2,27,'53815','Excellent','superturbocharger; Automotive Service Excellence (ASE); ultra new transmission; ',3,116,16,'2019-06-29 00:00:00','2019-08-08 00:00:00'),('GG7T8HJFVBJ354520',1482,'2008','FK260',99,4,19,'127155','Good','Automotive Service Excellence (ASE); ',25,NULL,NULL,'2019-05-20 00:00:00',NULL),('GH7NQUAAD1Z939191',2642,'2002','FREELANDER',9,7,30,'7955','Excellent','best sedan; very hard struts; ',23,142,1,'2018-08-31 00:00:00','2019-03-21 00:00:00'),('GIKGHMM5MB3457530',3891,'2011','ECONOLINE VAN',47,5,1,'79253','Very Good','good gear; ',4,31,14,'2018-07-27 00:00:00','2019-03-25 00:00:00'),('GIOLVCOW6FP335188',1298,'2010','F-550 SUPER DUTY',120,1,1,'166077','Excellent','fuel injection; crankcase; ',19,87,16,'2018-07-02 00:00:00','2018-07-09 00:00:00'),('GLJRT76OYH0767251',9194,'2010','RANGE ROVER SPORT',169,5,30,'9558','Excellent','sturdy rear axle assembly; original equipment manufacturer (OEM) parts; ',13,67,21,'2018-09-26 00:00:00','2019-01-02 00:00:00'),('GX7M6O4V208624783',1981,'2012','COOPER COUNTRYMAN',70,3,20,'35535','Very Good','four-wheel drive; broad wheelbase; hydraulic brakes; ',5,31,10,'2019-01-09 00:00:00','2019-01-13 00:00:00'),('GYAJMGYERH5049742',2368,'2005','W3500 TILTMASTER',183,7,9,'61060','Excellent','rack and pinion steering; ',23,5,26,'2019-04-09 00:00:00','2019-06-29 00:00:00'),('GYGIT50D08O204994',1968,'2010','S4',186,6,27,'21860','Fair','superturbocharger; broad wheelbase; wide cam; ',1,172,9,'2019-05-05 00:00:00','2019-07-02 00:00:00'),('H0NTC0VHQRA123485',2441,'2007','POINTER',199,6,40,'71414','Excellent','check the Monroney sticker - theer is nothing better than this vehicle; front wheel drive; Automotive Service Excellence (ASE); ',6,108,18,'2019-03-29 00:00:00','2019-07-09 00:00:00'),('H8V4P7W7UDF905029',2427,'2016','CRAFTER',15,6,40,'109944','Very Good','automatic safety features; ',25,101,9,'2019-05-28 00:00:00','2019-07-15 00:00:00'),('HE08QS6227G217277',2441,'2004','POINTER',150,6,40,'23590','Excellent','rear wheel drive; ',19,200,21,'2019-01-11 00:00:00','2019-04-20 00:00:00'),('HF61EINCEKB377113',3032,'2012','530I',156,3,31,'28366','Excellent','rack and pinion steering; ',13,NULL,NULL,'2019-08-22 00:00:00',NULL),('HFGE5WGL31N736304',4546,'2013','458 ITALIA',71,4,25,'176243','Good','best oil pump; safe oil ring; engine displacement; ',3,52,12,'2019-03-05 00:00:00','2019-05-22 00:00:00'),('HHZ4SJBSKCM132962',7751,'2016','SANTA FE',50,6,24,'12556','Very Good','best suspension; ',25,NULL,NULL,'2019-04-17 00:00:00',NULL),('HIAW0SH7XKK539730',2786,'2004','FORESTER',90,1,38,'28173','Good','can be used as sports car; ',19,41,16,'2019-07-19 00:00:00','2019-08-09 00:00:00'),('HKABMRUAW8E433308',3047,'2005','CABRIO',48,2,16,'21388','Excellent','broad wheelbase; convertible; ',11,65,10,'2019-07-05 00:00:00','2019-08-30 00:00:00'),('HQC4QIGI5R0047396',2129,'2016','LACROSSE',164,6,7,'34400','Excellent','wide chassis; ',5,4,24,'2018-07-12 00:00:00','2018-08-30 00:00:00'),('HRDP63I3VLX490165',3274,'2010','LEGACY',126,5,38,'82215','Good','four-wheel drive; ',4,75,12,'2018-11-28 00:00:00','2019-03-08 00:00:00'),('HRKE60F31H6918971',1777,'2003','REGAL',32,2,7,'93482','Very Good','automatic torque converter; sturdy rear axle assembly; ',5,190,9,'2019-08-30 00:00:00','2019-08-30 00:00:00'),('I6UOSGEAZM7972498',4192,'2011','GALLARDO',163,5,14,'17479','Good','',13,137,1,'2018-11-17 00:00:00','2019-06-01 00:00:00'),('J2E2YCGES38415781',3895,'2004','CORVETTE',102,1,9,'122511','Very Good','detail; automatic safety features; ',23,NULL,NULL,'2018-07-27 00:00:00',NULL),('J5JOI16OKT3791181',1072,'2003','C7500 TOPKICK',139,6,12,'15495','Fair','no backfire/backfiring; ',6,75,12,'2019-05-17 00:00:00','2019-08-30 00:00:00'),('JJJCTN8VPQ2786297',1594,'2016','P1',111,1,18,'134240','Good','manual transmission; fuel injection; ',15,43,17,'2019-05-13 00:00:00','2019-08-03 00:00:00'),('JQWZHRE1QQC616191',1291,'2001','S-TYPE',195,1,17,'35180','Good','automatic torque converter; ',19,15,26,'2019-06-03 00:00:00','2019-06-17 00:00:00'),('K0JT3JN6GHR755604',1991,'2012','ARMADA',77,1,33,'76722','Excellent','check the Monroney sticker - theer is nothing better than this vehicle; ',13,12,16,'2018-10-21 00:00:00','2019-08-21 00:00:00'),('K3E2NL0ALH6201724',3685,'2012','MARK LT',197,7,35,'8712','Fair','power train; check the Monroney sticker - theer is nothing better than this vehicle; ',5,NULL,NULL,'2018-11-06 00:00:00',NULL),('KFWC2DGXLXB344224',1387,'2008','ELISE',181,5,15,'17970','Fair','automatic torque converter; ',7,NULL,NULL,'2019-05-15 00:00:00',NULL),('KGXXM02N16Y917081',4081,'2010','A6 QUATTRO',41,3,27,'42112','Good','original equipment manufacturer (OEM) parts; convertible; ',4,174,21,'2019-03-07 00:00:00','2019-08-15 00:00:00'),('KGZT23UL65F408436',1783,'2010','PASSAT',188,2,40,'15750','Excellent','sport utility vehicle-SUV; ',6,NULL,NULL,'2019-08-09 00:00:00',NULL),('KIYLR1R5Q58616843',1540,'2009','FSC600 SILVER WING',52,4,26,'56980','Very Good','sturdy rear axle assembly; best suspension; ',6,NULL,NULL,'2018-10-09 00:00:00',NULL),('KU7WAYY7WVW387657',3174,'2013','S',160,4,3,'52260','Very Good','',19,62,26,'2019-01-25 00:00:00','2019-07-17 00:00:00'),('KUQE1AIER17796884',3441,'2001','CONDOR',49,4,11,'236700','Good','power train; ',8,75,26,'2019-05-29 00:00:00','2019-07-16 00:00:00'),('KY0VD426W8P596125',1846,'2001','PASSAT',145,7,40,'5323','Fair','',5,105,26,'2018-12-27 00:00:00','2019-04-25 00:00:00'),('KZS5B30QSTV993892',6162,'2008','FORTWO',38,3,16,'38056','Good','overdrive; ',6,NULL,NULL,'2019-01-25 00:00:00',NULL),('LLDC1OCSTQ1651823',2097,'2006','MARK LT',110,3,35,'20940','Good','high block; ',11,NULL,NULL,'2019-08-27 00:00:00',NULL),('M6J2KWLLUKW587077',5383,'2015','SUBURBAN',78,4,9,'73801','Very Good','',13,120,17,'2019-02-21 00:00:00','2019-08-09 00:00:00'),('M8D0UVAUJWA611757',3679,'2019','DB9',134,7,42,'199284','Very Good','anti-lock brake system (ABS); automatic valves; ',7,NULL,NULL,'2019-03-14 00:00:00',NULL),('MAMDBMJQE5N094237',1813,'2012','VELOSTER',61,2,24,'11678','Fair','automatic torque converter; ',4,102,21,'2018-11-04 00:00:00','2019-03-15 00:00:00'),('MML51CMHAQ5564453',3342,'2012','TL',191,2,36,'78660','Excellent','',19,31,18,'2019-05-18 00:00:00','2019-07-31 00:00:00'),('MNBU50BFAWY569945',2129,'2013','LACROSSE',184,3,7,'174428','Good','ultra new transmission; ',23,181,1,'2018-11-29 00:00:00','2019-06-12 00:00:00'),('MNUX8DKOOQR070763',3979,'2019','MP4-12C',3,4,18,'27728','Excellent','active safety features; ',8,144,1,'2018-09-25 00:00:00','2018-10-16 00:00:00'),('MQRWSH8TDSA328716',2250,'2013','SAVANA 2500',16,1,12,'12993','Good','active safety features; innovative air bags; ',19,57,1,'2019-05-05 00:00:00','2019-05-10 00:00:00'),('MSCYTFN5DLQ797580',1560,'2016','A3',4,2,27,'85510','Very Good','safe oil ring; ',23,58,14,'2019-01-20 00:00:00','2019-08-23 00:00:00'),('N5W5FFXWBXO904639',1177,'2006','T6500',125,2,9,'103777','Fair','',25,161,16,'2019-08-27 00:00:00','2019-08-27 00:00:00'),('N6FVBAYEJGB798051',1095,'2004','CONTINENTAL',17,2,6,'155116','Excellent','automatic torque converter; air filtration system; ',15,122,21,'2019-08-30 00:00:00','2019-08-30 00:00:00'),('N75ES1SYYPY249965',5402,'2003','ENVOY',188,6,12,'178044','Excellent','safe oil ring; all passive safety features; high block; ',19,130,10,'2018-10-06 00:00:00','2019-06-26 00:00:00'),('N7UGS5V1OX0015212',3524,'2018','C/V',37,1,32,'84892','Excellent','good piston; ',1,NULL,NULL,'2019-07-07 00:00:00',NULL),('N7ZMWGACVJJ344732',2984,'2011','CASCADIA',148,6,11,'90796','Excellent','high torque; ',23,84,1,'2019-08-11 00:00:00','2019-08-19 00:00:00'),('NC0WM0W6U38530017',1694,'2006','TUCSON',177,5,24,'115332','Very Good','',7,30,18,'2018-09-03 00:00:00','2019-01-03 00:00:00'),('NC50WA1NW00659248',3256,'2010','ELISE',51,2,15,'4760','Fair','no backfire/backfiring; ',13,NULL,NULL,'2018-09-26 00:00:00',NULL),('ND31ETCB3XK917122',1904,'2004','ELANTRA',30,2,24,'53085','Excellent','oversteer; ',23,NULL,NULL,'2018-12-11 00:00:00',NULL),('NIVJT1I8VH1312956',1799,'2001','ESPRIT',67,1,15,'157180','Good','',11,140,12,'2018-09-06 00:00:00','2018-12-18 00:00:00'),('NLS6KSCMBLK635055',3121,'2003','CLASSIC XL',63,1,11,'78785','Very Good','modern dashboard; ',13,119,12,'2018-07-24 00:00:00','2019-02-27 00:00:00'),('NSMNR56SEOU091726',5607,'2008','FX35',153,7,8,'18465','Very Good','drum brake; ',1,2,21,'2018-08-24 00:00:00','2019-04-30 00:00:00'),('NTLNBNESY0F523188',6162,'2012','FORTWO',151,2,16,'67542','Excellent','supernew catalytic converter; automatic torque converter; ',6,144,21,'2019-03-17 00:00:00','2019-03-18 00:00:00'),('NVCHGAN36U0977013',2458,'2001','MURCIELAGO',54,4,14,'8673','Very Good','sturdy side impact beams; gap; ',4,NULL,NULL,'2018-12-13 00:00:00',NULL),('O046TR5LOK8867896',2243,'2015','X',139,1,3,'84510','Very Good','superturbocharger; ',1,83,10,'2019-03-14 00:00:00','2019-05-12 00:00:00'),('O05A7ND5MR4856060',3543,'2011','CALIFORNIA',131,3,25,'86670','Good','',23,22,17,'2019-03-18 00:00:00','2019-03-26 00:00:00'),('O3PWGTDH5TE469369',4647,'2009','ROADSTER',91,2,3,'33040','Very Good','drum brake; oversteer; high volume cylinder; ',25,127,10,'2018-11-11 00:00:00','2019-06-12 00:00:00'),('O4YTYHUUGAY861024',7297,'2011','S6',69,6,27,'114108','Excellent','manual transmission; great stabilizer bar; superturbocharger; ',6,NULL,NULL,'2019-06-19 00:00:00',NULL),('O5TDAJX7MJE979632',1183,'2019','PATRIOT',77,1,29,'64410','Very Good','wide chassis; good gear; crankcase; ',19,37,16,'2018-09-26 00:00:00','2019-01-13 00:00:00'),('O6FN2LHJYJP625193',4321,'2011','DAKOTA',121,3,32,'216924','Fair','station wagon (Also known as wagon.); ',5,81,14,'2019-05-01 00:00:00','2019-07-21 00:00:00'),('O8HL8X6RF5B065063',8782,'2005','GS300',159,5,2,'1858','Good','automatic valves; great engine; ',25,105,26,'2018-07-29 00:00:00','2019-03-30 00:00:00'),('OA2AULLS70C156569',1277,'2008','CABSTAR E',192,4,33,'154051','Good','wide cam; ',7,108,17,'2018-09-26 00:00:00','2019-04-19 00:00:00'),('OENGRAALQH3524656',4955,'2016','COOPER',52,2,20,'182940','Very Good','fuel injection; sturdy rear axle assembly; ',4,NULL,NULL,'2018-08-29 00:00:00',NULL),('OEZQ7C5Q4IU531061',1621,'2012','MP4-12C',122,6,18,'24735','Very Good','pickup; ',6,144,18,'2018-07-25 00:00:00','2018-12-07 00:00:00'),('OLSEKFK5ZQ6130350',1521,'2007','YARIS',160,6,34,'12168','Good','crumple zones; good piston; ',11,132,10,'2019-04-09 00:00:00','2019-04-21 00:00:00'),('OLXWF14ZOUL948008',2614,'2001','SILVERADO 1500',118,2,9,'160600','Fair','original equipment manufacturer (OEM) parts; ',25,42,14,'2018-07-16 00:00:00','2019-06-28 00:00:00'),('ONCCSRDH8DG971376',1621,'2014','MP4-12C',11,6,18,'229800','Good','high torque; ',25,NULL,NULL,'2018-08-30 00:00:00',NULL),('OOXPL1JMKRX336822',3419,'2004','CAYENNE',199,2,10,'32888','Good','manual transmission; normally aspirated; ',4,168,1,'2019-03-16 00:00:00','2019-03-24 00:00:00'),('OTU0G7AR2Y1800976',2501,'2003','C240',131,7,28,'31068','Very Good','',25,125,9,'2019-07-20 00:00:00','2019-08-08 00:00:00'),('OWWSKLAS7QX817356',2441,'2004','POINTER',94,6,40,'15501','Good','high block; sport utility vehicle-SUV; ',6,97,9,'2019-08-02 00:00:00','2019-08-07 00:00:00'),('OYSBYKKMW7W431727',1490,'2010','BUSINESS CLASS M2',176,6,11,'118070','Very Good','wide cam; ',8,NULL,NULL,'2019-05-22 00:00:00',NULL),('OZLYJHS882G443726',1183,'2010','PATRIOT',30,1,29,'166990','Excellent','no redline; ',8,36,9,'2019-02-16 00:00:00','2019-07-16 00:00:00'),('P7JYBE6FM26738497',1600,'2007','FE145CC',147,1,19,'72294','Good','ultra new transmission; ',1,32,26,'2019-04-23 00:00:00','2019-07-03 00:00:00'),('PA2KWUOB26B493992',3652,'2005','VANQUISH',37,6,42,'23874','Excellent','rear wheel drive; ',13,69,21,'2019-04-25 00:00:00','2019-07-23 00:00:00'),('PC2PIB7R435527094',1799,'2002','ESPRIT',200,7,15,'18460','Fair','',8,NULL,NULL,'2019-07-24 00:00:00',NULL),('PFWLPE5OM20960896',1026,'2003','TRX90 SPORTRAX',114,3,26,'56352','Excellent','detail; strong muffler; ',13,139,10,'2019-07-19 00:00:00','2019-08-16 00:00:00'),('PHRGFZ1JX1M009627',2529,'2006','LAND CRUISER',145,5,34,'74463','Good','',7,167,17,'2018-10-04 00:00:00','2019-01-05 00:00:00'),('PT0IZH2QSM5433241',2787,'2015','COOPER PACEMAN',46,3,20,'28996','Fair','air filtration system; ',13,20,21,'2019-05-28 00:00:00','2019-05-29 00:00:00'),('PXZGV28A8KN434243',2676,'2002','MAGENTIS',117,4,37,'24391','Fair','best suspension; innovative air bags; crumple zones; ',11,87,21,'2019-04-22 00:00:00','2019-07-02 00:00:00'),('Q1HYKIDXI01152504',2053,'2010','ALLURE',70,7,7,'42912','Excellent','',1,NULL,NULL,'2019-06-24 00:00:00',NULL),('Q1JHCKXK6DM600820',3272,'2013','X1',147,2,31,'40984','Excellent','best possible traction; ',1,182,10,'2018-08-31 00:00:00','2019-04-09 00:00:00'),('QAQB3WCYJNT227228',1945,'2004','456 M GTA',79,1,25,'20956','Very Good','best oil pump; ',1,NULL,NULL,'2018-11-25 00:00:00',NULL),('QI0DMNKRDZJ539897',1158,'2016','NV200',94,2,33,'62077','Excellent','rear wheel drive; ',1,NULL,NULL,'2019-03-05 00:00:00',NULL),('QS3WIP530WT059941',3342,'2003','TL',143,4,36,'16040','Very Good','strong muffler; front wheel drive; ',6,64,1,'2018-10-18 00:00:00','2019-05-06 00:00:00'),('QX26HKQMAEQ650690',1480,'2009','F430',25,3,25,'77264','Excellent','wide cam; ',1,NULL,NULL,'2019-08-20 00:00:00',NULL),('QYJ40J7KB2A426113',3898,'2003','MURCIELAGO',174,3,14,'5070','Good','unibody construction; ',4,78,1,'2019-07-28 00:00:00','2019-08-16 00:00:00'),('R2WXKMHKPXO142205',4955,'2007','COOPER',70,3,20,'19407','Fair','four-wheel drive; ',11,NULL,NULL,'2019-06-25 00:00:00',NULL),('R5CKHASBUY3271404',2725,'2012','550I XDRIVE',85,5,31,'5068','Very Good','hatchback; ',3,NULL,NULL,'2019-01-14 00:00:00',NULL),('RIZTDYYGYS8802889',4469,'2004','S60',143,2,41,'113196','Very Good','crumple zones; ',3,NULL,NULL,'2019-01-19 00:00:00',NULL),('RKZ4SH0SHZI670624',1989,'2015','ATS',103,5,39,'43284','Good','best radiator; ',19,143,10,'2018-12-31 00:00:00','2019-06-28 00:00:00'),('RM7H44T3Y51383174',5437,'2009','DB9',148,4,42,'8112','Very Good','best radiator; ',19,NULL,NULL,'2019-03-27 00:00:00',NULL),('RQUC5JRABDA463084',5488,'2005','COUPE',30,5,23,'233080','Very Good','drum brake; ',8,163,9,'2019-06-13 00:00:00','2019-06-21 00:00:00'),('RY17GJBS8P0724570',2691,'2005','CAMIONES',54,1,33,'197020','Good','great engine; ',13,NULL,NULL,'2019-04-02 00:00:00',NULL),('S125FSF82QY167812',4220,'2007','GRANSPORT',25,4,23,'45660','Good','great stabilizer bar; ',25,151,9,'2019-08-13 00:00:00','2019-08-20 00:00:00'),('S2HCFMZWQJY869785',1879,'2010','SENTRA',92,4,33,'57136','Excellent','',13,80,16,'2019-06-23 00:00:00','2019-08-27 00:00:00'),('S4JI8BAZK6A762603',2886,'2011','612 SCAGLIETTI',60,4,25,'9535','Good','unibody construction; pickup; automatic torque converter; ',23,96,24,'2018-08-04 00:00:00','2019-05-09 00:00:00'),('S8IG7CS13D3171231',2458,'2004','MURCIELAGO',145,2,14,'88899','Fair','engine displacement; ',23,67,18,'2018-07-20 00:00:00','2018-07-26 00:00:00'),('SB0II3RK4J8108311',4122,'2012','EX35',108,2,8,'37563','Very Good','',6,110,12,'2019-03-06 00:00:00','2019-06-13 00:00:00'),('SYZI0ZHYVNY547468',2212,'2005','TJ',1,5,29,'8181','Very Good','',19,67,12,'2019-03-04 00:00:00','2019-07-02 00:00:00'),('T2QRUXJS5OY889240',3761,'2008','SPIDER',72,4,4,'105800','Excellent','small spark plug gap; ',4,NULL,NULL,'2018-07-07 00:00:00',NULL),('T8VKW8BVR4S799169',4955,'2002','COOPER',115,5,20,'85488','Good','manual transmission; ',11,166,9,'2018-07-27 00:00:00','2018-09-22 00:00:00'),('TD41PRPBYNQ799837',3563,'2002','REGAL',39,3,7,'1976','Very Good','air filtration system; super new ignition system; ',7,NULL,NULL,'2019-08-07 00:00:00',NULL),('TEMYOH4852J438131',2840,'2017','ORLANDO',57,4,9,'54370','Fair','overdrive; ',6,NULL,NULL,'2018-10-24 00:00:00',NULL),('TZH8DUDP40V550854',1441,'2010','EXPRESS 2500',192,2,9,'21510','Excellent','best oil pump; ',4,NULL,NULL,'2018-12-22 00:00:00',NULL),('U0IW6RMXF3E643006',4647,'2008','ROADSTER',177,7,3,'36054','Very Good','automatic safety features; minivan; ',23,11,12,'2019-02-12 00:00:00','2019-03-22 00:00:00'),('U18BDQFC4ZV145556',1183,'2010','PATRIOT',145,4,29,'62148','Very Good','great rpms; ',23,120,16,'2019-08-09 00:00:00','2019-08-13 00:00:00'),('UDI7LAGS7QL483060',5050,'2007','PACIFICA',171,6,22,'10621','Very Good','good gear; small spark plug gap; front axle assembly; ',11,96,9,'2019-02-03 00:00:00','2019-05-03 00:00:00'),('UE0HIIE583S680065',2618,'2012','MP4-12C',110,6,18,'9426','Very Good','no backfire/backfiring; ',6,101,12,'2019-08-27 00:00:00','2019-08-29 00:00:00'),('UFU8XLWSHBR469828',1288,'2013','RAM PICKUP',22,7,32,'40380','Excellent','high quality carburetor; ',8,117,10,'2019-06-14 00:00:00','2019-06-21 00:00:00'),('UHTZCO50NI6402584',7537,'2019','4C',150,3,4,'30435','Good','modern dashboard; ',25,54,16,'2018-09-03 00:00:00','2019-05-12 00:00:00'),('UP0JDPVZOV5301907',3853,'2015','SONATA',168,5,24,'35889','Excellent','',3,NULL,NULL,'2019-06-13 00:00:00',NULL),('UQHSQ06Y242436882',1506,'2009','S5',38,6,27,'94428','Good','',6,NULL,NULL,'2018-08-11 00:00:00',NULL),('UUWQM04TSAR411514',1982,'2002','X-TRAIL',109,7,33,'12260','Excellent','crankcase; high torque; high volume cylinder; ',13,29,10,'2019-04-06 00:00:00','2019-07-20 00:00:00'),('UVZX51MOHHZ350304',2331,'2013','ENCLAVE',176,4,7,'72048','Fair','supernew catalytic converter; ',3,NULL,NULL,'2019-06-24 00:00:00',NULL),('UY0J2ZE2WC4929234',6040,'2017','X',80,3,3,'16536','Fair','autotachometer; ',1,NULL,NULL,'2018-09-14 00:00:00',NULL),('V0CS6FK0F2L619952',1187,'2006','VIPER',91,3,21,'42216','Fair','engine displacement; ',7,167,17,'2019-05-23 00:00:00','2019-06-28 00:00:00'),('V0Y7R3VOND6385099',3305,'2011','FE180',121,3,19,'178276','Very Good','modern dashboard; ',13,13,18,'2019-05-01 00:00:00','2019-07-15 00:00:00'),('V4JVFR4YRS7140562',7962,'2011','TOWN CAR',76,2,35,'4266','Fair','best suspension; ',19,NULL,NULL,'2019-04-03 00:00:00',NULL),('V8TT1Z53XJ3351609',2966,'2008','M35',129,7,8,'76890','Excellent','air filtration system; ',23,61,9,'2019-08-24 00:00:00','2019-08-25 00:00:00'),('VBBOZZ22420324583',4647,'2009','ROADSTER',40,2,3,'52332','Fair','front axle assembly; ',15,NULL,NULL,'2019-02-21 00:00:00',NULL),('VFRZ3NRGP3T720592',1095,'2005','CONTINENTAL',25,7,6,'19460','Fair','automatic safety features; very hard struts; manual transmission; ',11,130,9,'2019-05-19 00:00:00','2019-07-29 00:00:00'),('VGDTPF85FW3798103',2243,'2019','X',193,3,3,'38388','Excellent','good gear; no understeer; active safety features; ',3,18,10,'2018-07-06 00:00:00','2018-12-12 00:00:00'),('VLB5X8345HA615648',2259,'2010','B200',135,3,28,'18536','Fair','wide chassis; ',3,NULL,NULL,'2018-11-20 00:00:00',NULL),('VP0U4FNOL1Q272112',4421,'2009','FJ CRUISER',189,6,34,'84541','Fair','manual transmission; ',6,145,9,'2019-01-13 00:00:00','2019-03-23 00:00:00'),('VX5ONWMXOWC092241',4667,'2009','A3 QUATTRO',126,3,27,'70320','Very Good','good piston; ',3,98,18,'2019-06-13 00:00:00','2019-08-29 00:00:00'),('VYTVYSIRWI8110696',2155,'2005','ESCALADE',28,1,39,'7868','Excellent','crumple zones; ',8,NULL,NULL,'2019-06-09 00:00:00',NULL),('W0568WGO5WJ438874',2932,'2017','CL63 AMG',159,1,28,'27420','Good','good piston; ',7,NULL,NULL,'2019-04-01 00:00:00',NULL),('W0VVANUKDUY874182',3524,'2001','V40',37,7,41,'125820','Excellent','all passive safety features; no backfire/backfiring; innovative air bags; ',4,148,21,'2019-05-11 00:00:00','2019-07-27 00:00:00'),('W237VB7JQCR328314',1834,'2006','FORFOUR',18,4,16,'100219','Fair','active safety features; anti-lock brake system (ABS); ',5,53,10,'2018-07-24 00:00:00','2018-09-09 00:00:00'),('W65LU27EIAI574094',4634,'2017','GRAND CHEROKEE',35,1,29,'107920','Very Good','very hard struts; ',11,83,9,'2018-09-08 00:00:00','2019-08-16 00:00:00'),('W7BJ0WMT3F1988589',2458,'2002','MURCIELAGO',170,3,14,'135852','Fair','supernew catalytic converter; ',25,194,24,'2018-09-21 00:00:00','2019-06-27 00:00:00'),('X3SCPDYFXR1281696',1854,'2006','M6',83,4,31,'96192','Very Good','Automotive Service Excellence (ASE); high block; ',1,53,26,'2018-09-17 00:00:00','2019-06-12 00:00:00'),('X6PGCLX142L353015',1802,'2011','V8 VANTAGE',172,5,42,'216618','Excellent','four-wheel drive; ',25,118,16,'2019-03-10 00:00:00','2019-07-27 00:00:00'),('XJZQEGWAV7Q033418',1304,'2014','VERANO',131,3,7,'21000','Good','',13,192,9,'2018-11-11 00:00:00','2018-11-19 00:00:00'),('XNXLS5I71MA658964',4955,'2009','COOPER',55,6,20,'14730','Excellent','automatic torque converter; sturdy side impact beams; manual transmission; ',3,104,18,'2018-10-22 00:00:00','2018-11-01 00:00:00'),('XVHDHEYM76N276701',3652,'2005','VANQUISH',25,7,42,'131942','Fair','best radiator; ',6,49,9,'2019-03-29 00:00:00','2019-07-05 00:00:00'),('XX30JUKVDJS500158',4545,'2005','XG350',125,6,24,'17481','Fair','superturbocharger; ',3,158,17,'2018-08-03 00:00:00','2019-02-11 00:00:00'),('XZ0NAXD65PB590052',3381,'2011','FE125',41,4,19,'10216','Excellent','automatic safety features; can be used as sports car; high volume cylinder; ',15,130,1,'2018-11-12 00:00:00','2019-08-16 00:00:00'),('XZ0ZPNB3K0B900136',3168,'2004','SC430',165,1,2,'12574','Very Good','electronic transmission; ',7,73,14,'2019-06-25 00:00:00','2019-06-30 00:00:00'),('Y1DN8H2LGE6552424',2801,'2009','ALBEA',54,1,5,'26852','Excellent','automatic torque converter; ',8,89,14,'2019-07-17 00:00:00','2019-08-07 00:00:00'),('Y7PCLTMP75Q590198',4349,'2013','SIERRA 1500',109,1,12,'150480','Excellent','',13,12,26,'2018-10-14 00:00:00','2019-06-06 00:00:00'),('YB15CELIOAD030337',1799,'2001','ESPRIT',22,1,15,'75915','Good','',3,179,18,'2019-06-27 00:00:00','2019-08-29 00:00:00'),('YCFLSZ2LT1K972631',2426,'2019','TERRAIN',38,1,12,'65670','Excellent','no understeer; check the Monroney sticker - theer is nothing better than this vehicle; ',13,NULL,NULL,'2018-07-18 00:00:00',NULL),('YHFU6N5VAEV603765',2335,'2013','LIBERTY',30,1,29,'13178','Fair','unibody construction; ',5,191,1,'2018-11-13 00:00:00','2018-12-06 00:00:00'),('YKDLFUYBDYA762942',3392,'2017','Q3',172,3,27,'38194','Fair','innovative air bags; check the Monroney sticker - theer is nothing better than this vehicle; ',23,199,21,'2019-01-23 00:00:00','2019-07-25 00:00:00'),('YOIOCT8QVK8729970',1248,'2008','SPRINTER 2500',17,2,21,'86055','Excellent','wide chassis; ',25,140,12,'2019-06-30 00:00:00','2019-08-23 00:00:00'),('YQPUSK3G3TY698091',6719,'2009','OPTRA',144,4,9,'27891','Good','good piston; ',4,118,26,'2019-05-04 00:00:00','2019-07-18 00:00:00'),('YRAKHFEO0D1858938',3756,'2004','EXPLORER',1,2,1,'53928','Good','',4,14,21,'2019-05-17 00:00:00','2019-07-24 00:00:00'),('YT768PDJ0NU591276',6051,'2005','C240',46,5,28,'2401','Fair','station wagon (Also known as wagon.); anti-lock brake system (ABS); innovative air bags; ',23,72,14,'2018-10-23 00:00:00','2019-05-25 00:00:00'),('YUSPPHQSZAJ981823',3886,'2017','LS460',100,3,2,'188935','Very Good','innovative air bags; coupe; very hard struts; ',13,NULL,NULL,'2019-05-31 00:00:00',NULL),('Z7SSR7QXU3H868079',6344,'2001','Q45',173,7,8,'44136','Fair','all passive safety features; ',8,147,26,'2019-04-27 00:00:00','2019-07-12 00:00:00'),('ZHWDPEKYMVO700411',15321,'2017','CAYENNE',156,3,10,'7596','Excellent','station wagon (Also known as wagon.); ',13,96,24,'2019-03-18 00:00:00','2019-06-13 00:00:00'),('ZIOUZCIZ0X5709697',1884,'2015','PROMASTER CITY',172,5,32,'88236','Good','unibody construction; ',15,125,21,'2018-12-23 00:00:00','2019-03-09 00:00:00'),('ZWW7VOTXOEE355574',3524,'2003','V40',52,1,41,'33664','Very Good','oversteer; ',23,101,9,'2019-02-22 00:00:00','2019-04-26 00:00:00'),('ZXLGMAQXH21862670',7001,'2009','LUPO',150,1,40,'4560','Excellent','high quality carburetor; coupe; high block; ',15,NULL,NULL,'2019-01-09 00:00:00',NULL),('ZYJSI0PV1BK763098',13991,'2017','MITO',191,1,4,'5486','Good','high block; ',4,NULL,NULL,'2018-11-10 00:00:00',NULL);
/*!40000 ALTER TABLE `Vehicle` ENABLE KEYS */;
UNLOCK TABLES;

--
-- Table structure for table `VehicleColor`
--

DROP TABLE IF EXISTS `VehicleColor`;
/*!40101 SET @saved_cs_client     = @@character_set_client */;
/*!40101 SET character_set_client = utf8 */;
CREATE TABLE `VehicleColor` (
  `VIN` varchar(20) COLLATE utf8mb4_general_ci NOT NULL,
  `color_id` int(11) NOT NULL,
  PRIMARY KEY (`VIN`,`color_id`),
  KEY `fk_color_name` (`color_id`),
  CONSTRAINT `fk_colo_vin` FOREIGN KEY (`VIN`) REFERENCES `vehicle` (`VIN`),
  CONSTRAINT `fk_color_name` FOREIGN KEY (`color_id`) REFERENCES `color` (`color_id`)
) ENGINE=InnoDB DEFAULT CHARSET=utf8mb4 COLLATE=utf8mb4_general_ci;
/*!40101 SET character_set_client = @saved_cs_client */;

--
-- Dumping data for table `VehicleColor`
--

LOCK TABLES `VehicleColor` WRITE;
/*!40000 ALTER TABLE `VehicleColor` DISABLE KEYS */;
INSERT INTO `VehicleColor` VALUES ('0T5ZIYO5EKW808246',1),('5A12HXO5U8T698581',1),('8CQ1LP4Q6N2279150',1),('AHCTXZIUNLT990408',1),('EEC7DB0AVX8841803',1),('ELXTVDBEOKI657593',1),('GIOLVCOW6FP335188',1),('P7JYBE6FM26738497',1),('PFWLPE5OM20960896',1),('T2QRUXJS5OY889240',1),('V4JVFR4YRS7140562',1),('W0568WGO5WJ438874',1),('YKDLFUYBDYA762942',1),('C3FOQPRK48B009537',2),('C4KG3DGR3ED999849',2),('CB7NB6TBLMD840841',2),('FLFOADSEVDJ743887',2),('NVCHGAN36U0977013',2),('QAQB3WCYJNT227228',2),('QX26HKQMAEQ650690',2),('R2WXKMHKPXO142205',2),('RIZTDYYGYS8802889',2),('UVZX51MOHHZ350304',2),('XZ0ZPNB3K0B900136',2),('ZWW7VOTXOEE355574',2),('0O3JJPHBUAP199412',3),('618DR7M1L2G015076',3),('AXEV4VONGOV055454',3),('CLEGAGVNX62265577',3),('DBX6KOCPLNA744149',3),('DEOLOLBLB64628851',3),('EBDPUOZW0UW750384',3),('FQQN4F0Y2Y4911016',3),('GX7M6O4V208624783',3),('HF61EINCEKB377113',3),('VGDTPF85FW3798103',3),('22IBT631ZQB560111',4),('2MHCSVAPEB8589057',4),('35F4JXSH0HA820194',4),('5HIL3GKIIB7639416',4),('73MVKB63GMJ964569',4),('8HVXXFQ4M58279132',4),('B0VBO26AVSF452216',4),('BIUHHJZSI4O016585',4),('MNBU50BFAWY569945',4),('O046TR5LOK8867896',4),('QS3WIP530WT059941',4),('VYTVYSIRWI8110696',4),('ZXLGMAQXH21862670',4),('75JPSZY0BUP284256',5),('8ER23OFXZ1E916228',5),('A7LI8UIU28Q222693',5),('AEDKYKWVSR5009618',5),('C3FOQPRK48B009537',5),('EUQV3A4A7F3196095',5),('GYGIT50D08O204994',5),('HIAW0SH7XKK539730',5),('HKABMRUAW8E433308',5),('I6UOSGEAZM7972498',5),('JQWZHRE1QQC616191',5),('PT0IZH2QSM5433241',5),('SYZI0ZHYVNY547468',5),('UY0J2ZE2WC4929234',5),('XNXLS5I71MA658964',5),('31WBMVJRBOT808956',6),('3ZQSQH7KCWX963150',6),('4G1Z11HOQ3P797692',6),('635UCNTTHIF575495',6),('6D300ABH65P725391',6),('7E5LCY5NETS057532',6),('7O8R4N0I445396787',6),('7UNLIZIDGDO334562',6),('DU400SRFFTR031554',6),('E4BX1OSN5TZ951910',6),('F1IB3FDW7VP443571',6),('F4N3GC225MT163583',6),('FF386522UXW088260',6),('HQC4QIGI5R0047396',6),('K3E2NL0ALH6201724',6),('M8D0UVAUJWA611757',6),('OEZQ7C5Q4IU531061',6),('OLSEKFK5ZQ6130350',6),('S8IG7CS13D3171231',6),('UDI7LAGS7QL483060',6),('2P0M0KIT617709587',7),('3DGXA813LBG126575',7),('47WYW4D65K1598826',7),('5GJZF82LII6385235',7),('60BMLFB8XK5792806',7),('68OADH2QPOS933812',7),('8DD32HTIZXL090058',7),('8SL0YJUFMTV627191',7),('F2Q618FX05Z072513',7),('FC5IOH7WXUG049482',7),('G11UA2D181O142111',7),('H8V4P7W7UDF905029',7),('MML51CMHAQ5564453',7),('N5W5FFXWBXO904639',7),('OLXWF14ZOUL948008',7),('P7JYBE6FM26738497',7),('T8VKW8BVR4S799169',7),('UQHSQ06Y242436882',7),('6DBY3C036JZ509895',8),('88KRF6X46P3045996',8),('AJW0OF78HVS865152',8),('CKP0OYNPTQV900997',8),('E4BX1OSN5TZ951910',8),('EFWM866BVP1512173',8),('HRDP63I3VLX490165',8),('TD41PRPBYNQ799837',8),('VBBOZZ22420324583',8),('ZHWDPEKYMVO700411',8),('6KWLNKZW7TB480162',9),('8SJQHUYKEFC732678',9),('DU400SRFFTR031554',9),('MNUX8DKOOQR070763',9),('NC50WA1NW00659248',9),('O5TDAJX7MJE979632',9),('OZLYJHS882G443726',9),('RM7H44T3Y51383174',9),('TEMYOH4852J438131',9),('UE0HIIE583S680065',9),('UY0J2ZE2WC4929234',9),('V0CS6FK0F2L619952',9),('3LMQEJ637DV562400',11),('LLDC1OCSTQ1651823',11),('MNBU50BFAWY569945',11),('NC0WM0W6U38530017',11),('NSMNR56SEOU091726',11),('O4YTYHUUGAY861024',11),('XJZQEGWAV7Q033418',11),('YCFLSZ2LT1K972631',11),('13AVT0QCFFF714899',12),('5JK48AIE01F557082',12),('A2YAQD6KDWM503404',12),('C5V8FLVFK1H700605',12),('DEOLOLBLB64628851',12),('FC5IOH7WXUG049482',12),('FF386522UXW088260',12),('GIKGHMM5MB3457530',12),('HFGE5WGL31N736304',12),('K0JT3JN6GHR755604',12),('KIYLR1R5Q58616843',12),('O3PWGTDH5TE469369',12),('OWWSKLAS7QX817356',12),('PXZGV28A8KN434243',12),('1P4CYBF55BZ319515',13),('37HKK6A8BK4624844',13),('4YXU2TN1NJU843634',13),('8X5CIATJ07I167727',13),('CN7453KYD25674641',13),('HE08QS6227G217277',13),('NLS6KSCMBLK635055',13),('OENGRAALQH3524656',13),('ONCCSRDH8DG971376',13),('OYSBYKKMW7W431727',13),('Q1JHCKXK6DM600820',13),('QI0DMNKRDZJ539897',13),('S2HCFMZWQJY869785',13),('VFRZ3NRGP3T720592',13),('VP0U4FNOL1Q272112',13),('24PJSOHL7AV555541',14),('2A8QZNBMXTP305324',14),('4MXLVV84A6C633165',14),('8CQ1LP4Q6N2279150',14),('8KJNJ10WXLA842695',14),('8O3HA3XCMF8542802',14),('DEOLOLBLB64628851',14),('FH3BO3MF7F8943017',14),('H0NTC0VHQRA123485',14),('MSCYTFN5DLQ797580',14),('N7UGS5V1OX0015212',14),('OTU0G7AR2Y1800976',14),('Q1HYKIDXI01152504',14),('QX26HKQMAEQ650690',14),('UFU8XLWSHBR469828',14),('UHTZCO50NI6402584',14),('W0VVANUKDUY874182',14),('W237VB7JQCR328314',14),('YRAKHFEO0D1858938',14),('Z7SSR7QXU3H868079',14),('ZIOUZCIZ0X5709697',14),('2A8QZNBMXTP305324',15),('2MHCSVAPEB8589057',15),('3LQVMGKNRTE915571',15),('A1NMYTKAQVI515298',15),('A4YNNJNA3YO795177',15),('CZIU7B73Q86955353',15),('EBZZN84J0L1163524',15),('HRKE60F31H6918971',15),('J2E2YCGES38415781',15),('KGXXM02N16Y917081',15),('N6FVBAYEJGB798051',15),('OTU0G7AR2Y1800976',15),('S4JI8BAZK6A762603',15),('XX30JUKVDJS500158',15),('14AFTWPBMU2455340',16),('30TKOS7OOZE898754',16),('5KP0CNPH5CW303661',16),('761PGMYLX0T843950',16),('7QIC6ZYHPQP552709',16),('AC4ZIL5XS7B075565',16),('B6DYAUVZOLO290932',16),('BKMITEBY1EN848184',16),('FC5IOH7WXUG049482',16),('HKABMRUAW8E433308',16),('KFWC2DGXLXB344224',16),('NIVJT1I8VH1312956',16),('XVHDHEYM76N276701',16),('XZ0NAXD65PB590052',16),('17HGBSZJRPL452058',18),('1IXFVT6SR0P763165',18),('1TYZPWJUY8S534217',18),('2JJYDSM8ONT301410',18),('5N8JUSLD214397601',18),('6AHSK5ZQ35S410112',18),('MAMDBMJQE5N094237',18),('N7ZMWGACVJJ344732',18),('O6FN2LHJYJP625193',18),('O8HL8X6RF5B065063',18),('RQUC5JRABDA463084',18),('YCFLSZ2LT1K972631',18),('YT768PDJ0NU591276',18),('YUSPPHQSZAJ981823',18),('014YJPHOCI4928433',19),('8XV8E2COQQ0978402',19),('AGIIPKOGTOH069031',19),('AZJAEE6WIG0491218',19),('C15HS5VBR7W535537',19),('O05A7ND5MR4856060',19),('QI0DMNKRDZJ539897',19),('R5CKHASBUY3271404',19),('S125FSF82QY167812',19),('X6PGCLX142L353015',19),('YCFLSZ2LT1K972631',19),('YHFU6N5VAEV603765',19),('0JF8RY7F203586325',22),('1NVXI5JXG3Q330243',22),('3UZC10YHEMA746460',22),('4TSP05XM3T7777863',22),('AB8O6IWO8YG995749',22),('CO7U820ZYJ5637259',22),('GG7T8HJFVBJ354520',22),('GH7NQUAAD1Z939191',22),('JJJCTN8VPQ2786297',22),('OOXPL1JMKRX336822',22),('TEMYOH4852J438131',22),('TZH8DUDP40V550854',22),('UP0JDPVZOV5301907',22),('ZYJSI0PV1BK763098',22),('1PHWGTVKSC5888281',23),('1RYAWHVZXTT082005',23),('3TOSZKDPVLP927027',23),('4PQ5C344WM2161232',23),('8T3FRD4XLHS244610',23),('G05OT6PRY0O583244',23),('G0OMKKQI3ON337813',23),('HRKE60F31H6918971',23),('KFWC2DGXLXB344224',23),('KGZT23UL65F408436',23),('KY0VD426W8P596125',23),('M6J2KWLLUKW587077',23),('O6FN2LHJYJP625193',23),('PC2PIB7R435527094',23),('PXZGV28A8KN434243',23),('UUWQM04TSAR411514',23),('1SW1IVG7FRC996431',25),('30TKOS7OOZE898754',25),('46B8UPAQCVW796829',25),('8OU7JH0IJU6315337',25),('8QC0CE5XB6N801356',25),('ABCX0O07N6F519334',25),('HHZ4SJBSKCM132962',25),('N75ES1SYYPY249965',25),('PXZGV28A8KN434243',25),('U0IW6RMXF3E643006',25),('VX5ONWMXOWC092241',25),('Y1DN8H2LGE6552424',25),('ZHWDPEKYMVO700411',25),('1SW1IVG7FRC996431',26),('2IFG4587RJD359460',26),('5A77A0KQT4Q738091',26),('5HJ7JGARQY7410384',26),('AXEV4VONGOV055454',26),('B8SSPH58WRS521686',26),('DF6PFCH0AEX087065',26),('DFXSGTSKZHC186737',26),('KU7WAYY7WVW387657',26),('KUQE1AIER17796884',26),('OTU0G7AR2Y1800976',26),('TZH8DUDP40V550854',26),('U18BDQFC4ZV145556',26),('VLB5X8345HA615648',26),('W65LU27EIAI574094',26),('YQPUSK3G3TY698091',26),('16VZ2D5K2UA224265',28),('6RQECM8EO3O323457',28),('CLEGAGVNX62265577',28),('GG7T8HJFVBJ354520',28),('GLJRT76OYH0767251',28),('KZS5B30QSTV993892',28),('PA2KWUOB26B493992',28),('RKZ4SH0SHZI670624',28),('V8TT1Z53XJ3351609',28),('X3SCPDYFXR1281696',28),('1TY0OZ6776O551065',29),('53WEVPX7H4X102116',29),('88KRF6X46P3045996',29),('ND31ETCB3XK917122',29),('NTLNBNESY0F523188',29),('QI0DMNKRDZJ539897',29),('RY17GJBS8P0724570',29),('W7BJ0WMT3F1988589',29),('0S57SUJ4IC1640897',30),('1H36B25NJNN984344',30),('3DKKMGIZ7YP000949',30),('3TOSZKDPVLP927027',30),('E4BX1OSN5TZ951910',30),('ESYSVDN5WUF888037',30),('FZ1HFZ585WR955503',30),('J5JOI16OKT3791181',30),('OA2AULLS70C156569',30),('TZH8DUDP40V550854',30),('V0Y7R3VOND6385099',30),('YB15CELIOAD030337',30),('0OE58G1RATR240921',32),('2P0M0KIT617709587',32),('34LPXEKDI4K738049',32),('5R18GDSB3CM032341',32),('635UCNTTHIF575495',32),('8CQ1LP4Q6N2279150',32),('D4G0CTZMD2X930012',32),('DU400SRFFTR031554',32),('EYJA4KTGDYQ015061',32),('G40AQJDVI68882229',32),('GG7T8HJFVBJ354520',32),('GYAJMGYERH5049742',32),('HE08QS6227G217277',32),('PHRGFZ1JX1M009627',32),('SB0II3RK4J8108311',32),('6U7HLHZK3GP057957',35),('75JPSZY0BUP284256',35),('MQRWSH8TDSA328716',35),('QYJ40J7KB2A426113',35),('RKZ4SH0SHZI670624',35),('Y7PCLTMP75Q590198',35),('YOIOCT8QVK8729970',35);
/*!40000 ALTER TABLE `VehicleColor` ENABLE KEYS */;
UNLOCK TABLES;

--
-- Table structure for table `Vendor`
--

DROP TABLE IF EXISTS `Vendor`;
/*!40101 SET @saved_cs_client     = @@character_set_client */;
/*!40101 SET character_set_client = utf8 */;
CREATE TABLE `Vendor` (
  `vendor_id` int(11) NOT NULL AUTO_INCREMENT,
  `vendor_name` varchar(50) COLLATE utf8mb4_general_ci NOT NULL,
  `street` varchar(100) COLLATE utf8mb4_general_ci NOT NULL,
  `city` varchar(100) COLLATE utf8mb4_general_ci NOT NULL,
  `state` varchar(100) COLLATE utf8mb4_general_ci NOT NULL,
  `zip_code` varchar(100) COLLATE utf8mb4_general_ci NOT NULL,
  `phone_num` varchar(15) COLLATE utf8mb4_general_ci NOT NULL,
  PRIMARY KEY (`vendor_id`),
  UNIQUE KEY `vendor_name` (`vendor_name`)
) ENGINE=InnoDB AUTO_INCREMENT=21 DEFAULT CHARSET=utf8mb4 COLLATE=utf8mb4_general_ci;
/*!40101 SET character_set_client = @saved_cs_client */;

--
-- Dumping data for table `Vendor`
--

LOCK TABLES `Vendor` WRITE;
/*!40000 ALTER TABLE `Vendor` DISABLE KEYS */;
INSERT INTO `Vendor` VALUES (1,'Doncon','6082 9-street','Dallas','TX','09867\r','2945435332'),(2,'Hottechi','6233 20-street','Baltimore','OK','59235\r','1989685697'),(3,'Mathtouch','5363 12-street','New York','NY','44946\r','4514153960'),(4,'Openlane','9100 9-street','Louisville/Jefferson County','OR','95427\r','1127391145'),(5,'Rangreen','1873 13-street','Houston','TX','15701\r','1138275244'),(6,'Singletechno','9374 15-street','Phoenix','AZ','12791\r','1357511445'),(7,'Statholdings','4853 13-street','Norfolk','NC','30149\r','2299050873'),(8,'Bioplex','4901 11-street','Greensboro','NJ','41012\r','2276796333'),(9,'Opentech','8683 18-street','Tulsa','OH','91024\r','9871711913'),(10,'Zoomit','8307 20-street','Baltimore','OK','07533\r','6970339027'),(11,'Zumgoity','3162 1-street','San Antonio','TX','68729\r','9262072988'),(12,'Finhigh','3314 21-street','Long Beach','MO','81066\r','1864213500'),(13,'Plusstrip','3817 4-street','Bakersfield','FL','67566\r','8300711700'),(14,'Zathunicon','4394 15-street','Albuquerque','AZ','77152\r','6251708255'),(15,'Sunnamplex','9813 6-street','Kansas City','AZ','93228\r','4613201963'),(16,'Xx-zobam','8308 18-street','Columbus','OH','85996\r','5415564148'),(17,'Ontomedia','3601 13-street','Newark','TX','00599\r','3658237237'),(18,'Sumace','460 11-street','Atlanta','CO','97355\r','7411801837'),(19,'Kinnamplus','1075 18-street','Glendale','TX','71869\r','1176336436'),(20,'Groovestreet','5272 14-street','Baton Rouge','TX','04027\r','7658923101');
/*!40000 ALTER TABLE `Vendor` ENABLE KEYS */;
UNLOCK TABLES;

--
-- Dumping events for database 'CS6400Team21'
--

--
-- Dumping routines for database 'CS6400Team21'
--
/*!50003 DROP PROCEDURE IF EXISTS `split_values` */;
/*!50003 SET @saved_cs_client      = @@character_set_client */ ;
/*!50003 SET @saved_cs_results     = @@character_set_results */ ;
/*!50003 SET @saved_col_connection = @@collation_connection */ ;
/*!50003 SET character_set_client  = utf8mb4 */ ;
/*!50003 SET character_set_results = utf8mb4 */ ;
/*!50003 SET collation_connection  = utf8mb4_general_ci */ ;
/*!50003 SET @saved_sql_mode       = @@sql_mode */ ;
/*!50003 SET sql_mode              = 'STRICT_TRANS_TABLES,NO_ENGINE_SUBSTITUTION' */ ;
DELIMITER ;;
CREATE DEFINER=`root`@`localhost` PROCEDURE `split_values`(s VARCHAR(255))
BEGIN

DECLARE VIN VARCHAR(50) DEFAULT '';
DECLARE color TEXT;
DECLARE occurance INT DEFAULT 0;
DECLARE i INT DEFAULT 0;
DECLARE splitted_value VARCHAR(100);
DECLARE done INT DEFAULT 0;
DECLARE cur1 CURSOR FOR SELECT table1.VIN, table1.color
                                     FROM cs6400team21.vehiclecolor_temp AS table1
                                     WHERE table1.color <> '';
DECLARE CONTINUE HANDLER FOR NOT FOUND SET done = 1;

DROP TABLE IF EXISTS table2;
CREATE TABLE table2(
`VIN` VARCHAR(50) NOT NULL,
`color` VARCHAR(255) NOT NULL
) ENGINE=Memory;

OPEN cur1;
  read_loop: LOOP
    FETCH cur1 INTO VIN, color;
    IF done THEN
      LEAVE read_loop;
    END IF;

    SET occurance = (SELECT LENGTH(color) - LENGTH(REPLACE(color, s, '')) + 1);

    SET i=1;
    WHILE i <= occurance DO
      SET splitted_value =
      (SELECT REPLACE(SUBSTRING(SUBSTRING_INDEX(color, s, i),
      LENGTH(SUBSTRING_INDEX(color, s, i - 1))+ 1), s, ''));

      INSERT INTO table2 VALUES (VIN, splitted_value);
      SET i = i + 1;

    END WHILE;
  END LOOP;

  SELECT * FROM TABLE2;
 CLOSE cur1;
 END ;;
DELIMITER ;
/*!50003 SET sql_mode              = @saved_sql_mode */ ;
/*!50003 SET character_set_client  = @saved_cs_client */ ;
/*!50003 SET character_set_results = @saved_cs_results */ ;
/*!50003 SET collation_connection  = @saved_col_connection */ ;
/*!40103 SET TIME_ZONE=@OLD_TIME_ZONE */;

/*!40101 SET SQL_MODE=@OLD_SQL_MODE */;
/*!40014 SET FOREIGN_KEY_CHECKS=@OLD_FOREIGN_KEY_CHECKS */;
/*!40014 SET UNIQUE_CHECKS=@OLD_UNIQUE_CHECKS */;
/*!40101 SET CHARACTER_SET_CLIENT=@OLD_CHARACTER_SET_CLIENT */;
/*!40101 SET CHARACTER_SET_RESULTS=@OLD_CHARACTER_SET_RESULTS */;
/*!40101 SET COLLATION_CONNECTION=@OLD_COLLATION_CONNECTION */;
/*!40111 SET SQL_NOTES=@OLD_SQL_NOTES */;

-- Dump completed on 2019-11-16 22:06:12
